codigo;descripcion;capitulo;seccion;uEspecialista;uAyudantes;uAnestesista;cantidadAyudantes;gastos;total;notas
00.00.01;COMPLEJIDAD 1;00;;80;;;;;;
00.00.02;COMPLEJIDAD 2;00;;160;40;;1;;2068.8;01
00.00.03;COMPLEJIDAD 3;00;;250;62.5;;1;;;
00.00.04;COMPLEJIDAD 4;00;;500;125;;2;;;
00.00.05;COMPLEJIDAD 5;00;;800;200;;2;;;
00.00.06;COMPLEJIDAD 6;00;;1000;250;;2;;;
00.00.07;COMPLEGIDAD 7;00;;1400;350;;2;;;
00.01.01;ESTUDIOS DE PRIMERA VES;00;;;1;;1;;51.72;01
00.01.02;CONTROLES TERAPEUTICOS;00;;;1;;1;;51.72;01
00.01.03;EST.POST.PARA AMPLIAR DETERMINACIONES O PRECISAR DIAG.;00;;;1;;1;;51.72;01
00.01.04;EVAL.INICIAL DE LEUCEMIA AGUDA O CRONICA, SINDR.MIELOPR;00;;;1;;1;;51.72;01
00.02.01;VALORACION CITOHEMAT.P/TECNICA DE MAY GRUNWALD GIEMSA;00;;;1;;1;;51.72;01
00.03.01;PRUEVAS CITOQUIMICAS ESPECIFICAS;00;;;1;;1;;51.72;01
00.03.02;ESTUDIO DE LEUCEMIAS,LINFOMAS,MARCADORES TUMORALES EN S;00;;;1;;1;;51.72;01
00.04.01;SESION DE TRATAMIENTO ONCOLOGICO;00;;;1;;1;;51.72;01
00.04.02;ADMINISTRACIÓN DE MEDIC.ONCOL.Y/O COMPL.DE RESCATE;00;;;1;;1;;51.72;01
00.04.03;SESION DE TRATAMIENTO ONCOLOGICO CON PACIENTE INTERNADO;00;;;1;;1;;51.72;01
00.04.04;QUIMIOTERAPIA POR VIA ORAL;00;;;1;;1;;51.72;01
00.05.01;TRANSFUSION DE SANGRE;00;;;1;;1;;51.72;01
00.05.02;COMPATIBILIZACION TRANSFUSIONAL PREQUIRURGICA;00;;;1;;1;;51.72;01
00.05.03;SEROLOGIA EN RECEPTOR;00;;;1;;1;;51.72;01
00.05.04;GRUPO SANGUINEO ABO Y FACTOR RH;00;;;1;;1;;51.72;01
00.05.05;AFERESIS POR SEPARACION ELECTRONICA;00;;;1;;1;;51.72;01
00.05.06;SANGRIA TERAPEUTICA;00;;;1;;1;;51.72;01
00.06.01;PUNCION ASPIRATIVA;00;;;1;;1;;51.72;01
00.06.02;TOMA DE MATERIAL OSEO PARA ESTUDIO HISTOLOGICO;00;;;1;;1;;51.72;01
00.06.03;PUNCION TRANSABDOMINAL CON AGUJA FINA;00;;;1;;1;;51.72;01
00.06.04;OBTENCION DIRECTA DEL MATERIAL P/PUNCION C/AGUJA FI NA;00;;;1;;1;;51.72;01
00.06.05;ACCESO AL ESPACIO TUMORAL;00;;;1;;1;;51.72;01
01.00.00;GRUPO "A" 1 MODULO NEUROQUIRURGICO;01;;36;;;;;;31
01.00.02;GRUPO "A"2 MODULO NEUROQUIRURGICO;01;;90;;;;;;31
01.00.03;GRUPO "A" 3 MODULO NEUROQUIRURGICO;01;;135;;;;;;31
01.00.04;GRUPO "B" 1 MODULO NEUROQUIRURGICO;01;;156;;;;;;31
01.00.05;GRUPO "B" 2 MODULO NEUROQUIRURGICO;01;;288;;;;;;31
01.00.06;GRUPO "C" MODULO NEUROQUIRURGICO;01;;504;;;;;;31
01.00.07;GRUPO "D" MODULO NEUROQUIRURGICO;01;;630;;;;;;31
01.00.08;GRUPO "D" 1 MODULO NEUROQUIRURGICO;01;;810;;;;;;31
01.01.01;TRATAMIENTO QUIRURGICO DEL ENCEFALOMENINGOCELE (CRANEO;01;OPERACIONES EN EL CRANEO;531.75;106.5;186;2;361;57564.8;01,01,01,02
01.01.02;TRATAMIENTO QUIRURGICO DE LA CRANEOSTENOSIS. EN U;01;OPERACIONES EN EL CRANEO;478.5;95.25;159.75;2;273;49004.2;01,01,01,02
01.01.03;CRANEOPLASTIAS CON INJERTO OSEO O PROTESICAS. INCL;01;OPERACIONES EN EL CRANEO;478.5;95.25;159.75;2;313;51114.6;01,01,01,02
01.01.04;REDUCCION ABIERTA DE FRACTURAS DE CRANEO CON ELEVACION;01;OPERACIONES EN EL CRANEO;252.75;51;104.25;2;276;32909.4;01,01,01,02
01.01.05;ESCISION DE LESION TUMORAL, INFECCIOSA, PARASITARIA, ET;01;OPERACIONES EN EL CRANEO;228;45;104.25;2;127;23147.5;01,01,01,02
01.01.06;DESCOMPRESION ORBITARIA UNILATERAL.;01;OPERACIONES EN EL CRANEO;531.75;106.5;186;2;220;50125.7;01,01,01,02
01.02.01;VENTRICULOCISTERNOSTOMIAS (APERTURA DE LAS LAMINAS TERM;01;OPERACIONES INTRACRANEANAS;637.5;127.5;239.25;2;361;65206.5;01,01,01,02
01.02.02;DERIVACION VENTRICULOAURICULA DERECHA -VENTRICULOATRIOS;01;OPERACIONES INTRACRANEANAS;372.75;74.25;132.75;2;281;41784.6;01,01,01,02
01.02.03;REVISION DE VALVULAS DERIVATIVAS O RESTITUCION PARCIAL;01;OPERACIONES INTRACRANEANAS;252.75;51;104.25;2;276;32909.4;01,01,01,02
01.02.04;LOBECTOMIA PARCIAL O TOTAL POR TRAUMATISMO O EPILEPSIA.;01;OPERACIONES INTRACRANEANAS;744;149.25;239.25;2;328;71223.4;01,01,01,02
01.02.05;TRACTOTOMIA ESPINOTALAMICA, TRIGEMINAL O MESENCEFALICA.;01;OPERACIONES INTRACRANEANAS;637.5;127.5;186;2;366;65470.3;01,01,01,02
01.02.06;TRATAMIENTO QUIRURGICO DE LOS ANEURISMAS Y MALFORMACION;01;OPERACIONES INTRACRANEANAS;797.25;159.75;292.5;2;366;77068.5;01,01,01,02
01.02.07;EVACUACION POR PUNCION, DE COLECCION INTERCEREBRAL EPID;01;OPERACIONES INTRACRANEANAS;228;45;104.25;2;137;23675.1;01,01,01,02
01.02.08;CRANEOTOMIA EXPLORADORA, CON O SIN BIOPSIA, EVACUACION;01;OPERACIONES INTRACRANEANAS;531.75;106.5;212.25;2;276;53080.2;01,01,01,02
01.02.09;REPARACION PLASTICA DE SENOS CRANEALES Y/O MENINGES. RI;01;OPERACIONES INTRACRANEANAS;531.75;106.5;212.25;2;356;57301;01,01,01,02
01.02.10;ESCISION DE LESION TUMORAL INTRACRANEANA (NEUPLASIA BEN;01;OPERACIONES INTRACRANEANAS;744;149.25;239.25;2;366;73228.3;01,01,01,02
01.02.11;DRENAJE VENTRICULAR CONTINUO. COMO;01;OPERACIONES INTRACRANEANAS;119.25;30;80.25;1;346;25974.2;01,01,01,02
01.02.12;EXTRACCION DE TUBOS EN OPERACIONES DERIVATIVAS CRANEANA;01;OPERACIONES INTRACRANEANAS;119.25;30;80.25;1;180;17216;01,01,01,02
01.02.13;INTERVENCIONES ESTEREOTAXICAS. POR;01;OPERACIONES INTRACRANEANAS;637.5;127.5;239.25;1;358;58453.9;01,01,01,02
01.02.14;PUNCION DIAGNOSTICA O TERAPEUTICA DE VENTRICULO POR TRE;01;OPERACIONES INTRACRANEANAS;119.25;30;80.25;1;180;17216;01,01,01,02
01.02.15;PUNCION TRANSFONTANELAR DE VENTRICULOS O SUBDURAL, TERA;01;OPERACIONES INTRACRANEANAS;26.25;;;;7;1726.97;01,01,01,02
01.02.16;Colocacion de set para monitoreo de presion intracranea;01;OPERACIONES INTRACRANEANAS;;1;;1;;51.72;11,01
01.02.17;Cirugia de la hipertension congenita endocraneana por;01;OPERACIONES INTRACRANEANAS;;1;;1;;51.72;01
01.03.01;REPARACION DE DEFECTOS CONGENITOS DEL COMPLEJO VERTEBRO;01;CIRUGIA VERTEBROMEDULAR;478.5;95.25;186;2;352;53172.2;01,01,01,02
01.03.02;TRATAMIENTO QUIRURGICO DE LAS LESIONES ADQUIRIDAS DEL C;01;CIRUGIA VERTEBROMEDULAR;372.75;74.25;159.75;2;352;45530.6;01,01,01,02
01.03.03;EXTIRPACION O LIGADURA DE ANEURISMAS O MALFORMACIONES A;01;CIRUGIA VERTEBROMEDULAR;956.25;191.25;239.25;2;366;88550.3;01,01,01,02
01.03.04;CORDOTOMIA ESPINOTALAMICA. CORDOTOMIA ANTEROLATERAL, MI;01;CIRUGIA VERTEBROMEDULAR;531.75;106.5;159.75;2;356;57301;01,01,01,02
01.03.05;RIZOTOMIA, RADICOTOMIA POSTERIOR.;01;CIRUGIA VERTEBROMEDULAR;372.75;74.25;159.75;2;356;45741.6;01,01,01,02
01.03.06;SECCION DE LIGAMENTOS DENTADOS.;01;CIRUGIA VERTEBROMEDULAR;372.75;74.25;159.75;2;356;45741.6;01,01,01,02
01.03.07;PUNCION RAQUIDEA DOBLE CON PRUEBAS MANOMETRICAS.;01;CIRUGIA VERTEBROMEDULAR;26.25;;;;7;1726.97;01,01,01,02
01.03.08;PUNCION CISTERNAL CON O SIN MANOMETRIA.;01;CIRUGIA VERTEBROMEDULAR;39.75;;;;7;2425.19;01,01,01,02
01.03.09;PUNCION LUMBAR CON O SIN MANOMETRIA.;01;CIRUGIA VERTEBROMEDULAR;;;;;7;369.32;01,01,01,02
01.03.10;Vertebroplastias;01;CIRUGIA VERTEBROMEDULAR;;1;;1;;9.86;11
01.04.01;NEUROTOMIA O DESCOMPRESION RETROGASERIANA TRIGEMINAL. P;01;INTERVENCIONES SOBRE LOS PARES CRANEALES;531.75;106.5;186;2;356;57301;01,01,01,02
01.04.02;NEUROLISIS TRANSOVAL DEL TRIGEMINO.;01;INTERVENCIONES SOBRE LOS PARES CRANEALES;119.25;;;;7;6536.93;01,01,01,02
01.04.03;NEUROTOMIA DEL INTERMEDIARIO, VESTIBULAR O GLOSOFARINGE;01;INTERVENCIONES SOBRE LOS PARES CRANEALES;531.75;106.5;186;2;281;53344;01,01,01,02
01.04.04;INTERVENCIONES SOBRE NERVIOS OPTICOS.;01;INTERVENCIONES SOBRE LOS PARES CRANEALES;797.25;159.75;239.25;2;273;72161.8;01,01,01,02
01.04.05;NEUROTOMIA DEL SUPRAORBITARIO, INFRAORBITARIO, DENTARIO;01;INTERVENCIONES SOBRE LOS PARES CRANEALES;101.25;30;80.25;1;124;13330.5;01,01,01,02
01.04.06;NEUROTOMIA SELECTIVA DEL FACIAL O DEL GLOSOFARINGEO O N;01;INTERVENCIONES SOBRE LOS PARES CRANEALES;119.25;30;80.25;1;267;21806.1;01,01,01,02
01.04.07;INJERTO Y/O ANASTOMOSIS DE NERVIO FACIAL, HIPOGLOSO, ES;01;INTERVENCIONES SOBRE LOS PARES CRANEALES;252.75;51;104.25;2;266;32381.8;01,01,01,02
01.04.08;NEUROLISIS EXTRACRANEAL. ALCOHOLIZACION O SIMILAR.;01;INTERVENCIONES SOBRE LOS PARES CRANEALES;26.25;;;;168;10221.3;01,01,01,02
01.04.09;BLOQUEO EXTRACRANEAL ANTIALGICO.;01;INTERVENCIONES SOBRE LOS PARES CRANEALES;;;;;7;369.32;01,01,01,02
01.05.01;TRATAMIENTO QUIRURGICO (EXPLORACION, NEURORRAFIA, ESCI;01;INTERVENCIONES SOBRE LOS NERVIOS PERIFERICOS;252.75;51;104.25;2;271;32645.6;01,01,01,02
01.05.02;TRATAMIENTO QUIRURGICO (EXPLORACION, NEURORRAFIA, ESCI;01;INTERVENCIONES SOBRE LOS NERVIOS PERIFERICOS;303;61.5;127.5;2;271;36330.7;01,01,01,02
01.05.03;NEURORRAFIA, INJERTO, TUBULIZACION, ESCISION DE LESION;01;INTERVENCIONES SOBRE LOS NERVIOS PERIFERICOS;201.75;39.75;87;2;266;28580.4;01,01,01,02
01.05.04;TRANSPOSICION DEL CUBITAL.;01;INTERVENCIONES SOBRE LOS NERVIOS PERIFERICOS;119.25;30;80.25;1;177;17057.7;01,01,01,02
01.05.05;DESCOMPRESION DEL MEDIANO A NIVEL DEL TUNEL CARPIANO (S;01;INTERVENCIONES SOBRE LOS NERVIOS PERIFERICOS;80.25;30;80.25;1;124;12244.4;01,01,01,02
01.05.06;ESCISION DE LESION TUMORAL DE NERVIO PERIFERICO (NEURON;01;INTERVENCIONES SOBRE LOS NERVIOS PERIFERICOS;61.5;30;80.25;1;183;14387.5;01,01,01,02
01.05.07;NEUROLISIS QUIRURGICA DE NERVIO PERIFERICO.;01;INTERVENCIONES SOBRE LOS NERVIOS PERIFERICOS;39.75;30;80.25;1;182;13209.8;01,01,01,02
01.05.08;NEUROLISIS QUIMICA O BLOQUE ANTIALGICO DE NERVIO PERIFE;01;INTERVENCIONES SOBRE LOS NERVIOS PERIFERICOS;;;;;7;369.32;01,01,01,02
01.06.01;SIMPATECTOMIA CERVICAL.;01;OPERACIONES EN EL SISTEMA NERVIOSO VEGETATIVO;119.25;30;80.25;1;266;21753.4;01,01,01,02
01.06.02;SIMPATECTOMIA TORACICA.;01;OPERACIONES EN EL SISTEMA NERVIOSO VEGETATIVO;252.75;51;127.5;2;267;32434.6;01,01,01,02
01.06.03;SIMPATECTOMIA LUMBAR (POR LUMBOTOMIA).;01;OPERACIONES EN EL SISTEMA NERVIOSO VEGETATIVO;201.75;39.75;87;2;267;28633.2;01,01,01,02
01.06.04;RESECCION DE PLEXOS HIPOGASTRICOS SUPERIOR O INFERIOR.;01;OPERACIONES EN EL SISTEMA NERVIOSO VEGETATIVO;252.75;51;104.25;2;215;29691.1;01,01,01,02
01.06.05;SIMPATECTOMIA PERIARTERIAL CAROTIDEA, HUMERAL, FEMORAL;01;OPERACIONES EN EL SISTEMA NERVIOSO VEGETATIVO;101.25;30;80.25;1;266;20822.4;01,01,01,02
01.06.06;INYECCION PARAVERTEBRAL DE TRONCOS Y GANGLIOS SIMPATICO;01;OPERACIONES EN EL SISTEMA NERVIOSO VEGETATIVO;;;;;7;369.32;01,01,01,02
01.06.07;Simpaticectomia por videoscopia;01;OPERACIONES EN EL SISTEMA NERVIOSO VEGETATIVO;;1;;1;;9.86;11
01.07.01;VENTRICULOGRAFIA POR INYECCION DE MEDIO CONTRASTE -LIQ;01;PROCEDIMIENTOS NEURORRADIOLOGICOS;80.25;30;80.25;1;178;15093.4;01,01,01,02
01.07.02;PAN-ARTERIOGRAFIA CEREBRAL POR CATETERISMO. UNI;01;PROCEDIMIENTOS NEURORRADIOLOGICOS;119.25;30;80.25;1;83;12098.3;01,01,01,02
01.07.03;ARTERIOGRAFIA CAROTIDEA O VERTEBRAL. (POR DISECCION O P;01;PROCEDIMIENTOS NEURORRADIOLOGICOS;66;;80.25;;78;7528.8;01,01,01,02
01.07.04;NEUMOENCEFALOVENTRICULOGRAFIA FRACCIONADA (CISTERNOGRAF;01;PROCEDIMIENTOS NEURORRADIOLOGICOS;66;;80.25;;78;7528.8;01,01,01,02
01.07.05;MIELOGRAFIA ASCENDENTE O DESCENDENTE. CISTERNOGRAFIA. M;01;PROCEDIMIENTOS NEURORRADIOLOGICOS;66;;80.25;;36;5312.88;01,01,01,02
01.07.06;DISCOGRAFIA. NEUROGRAFIA. EPIDUROGRAFIA.;01;PROCEDIMIENTOS NEURORRADIOLOGICOS;39.75;;80.25;;35;3902.47;01,01,01,02
01.07.07;Infusion intrtecal o en canal medular de citostaticos;01;PROCEDIMIENTOS NEURORRADIOLOGICOS;;1;;1;;51.72;01
01.07.08;Tratamiento endovascular de aneurismas craneales con;01;PROCEDIMIENTOS NEURORRADIOLOGICOS;;1;;1;;51.72;01
01.07.09;Tratamiento endovascular de malformaciones craneales;01;PROCEDIMIENTOS NEURORRADIOLOGICOS;;0.01;;1;;0.52;01
01.07.10;Tratamiento endovascular de tumores craneales con embo-;01;PROCEDIMIENTOS NEURORRADIOLOGICOS;;1;;1;;51.72;01
01.07.11;Ablacion de nervio craneal por radiofrecuencia;01;PROCEDIMIENTOS NEURORRADIOLOGICOS;;1;;1;;;
01.08.01;Biopsia cerebral estereotaxica;01;PROCEDIMIENTOS NEURORRADIOLOGICOS;;1;;1;;51.72;01
01.20.20;Neurocirugía: Grupo C, nro. 21;01;PROCEDIMIENTOS NEURORRADIOLOGICOS;9694.55;;;;;95588.3;11
02.01.01;EXENTERACION DEL CONTENIDO ORBITARIO (NO INCLUYE INJERT;02;OPERACIONES EN LA ORBITA, EN EL GLOBO OCULAR;201.75;39.75;80.25;1;267;26577.3;01,01,01,02
02.01.02;NEUROTOMIA DEL NERVIO OPTICO.;02;OPERACIONES EN LA ORBITA, EN EL GLOBO OCULAR;178.5;34.5;80.25;1;223;22781.8;01,01,01,02
02.01.03;ORBITOTOMIA CON ESCISION DE LESION DE ORBITA, CON EXTRA;02;OPERACIONES EN LA ORBITA, EN EL GLOBO OCULAR;178.5;34.5;80.25;1;223;22781.8;01,01,01,02
02.01.04;INTRODUCCION DE SUSTANCIAS TERAPEUTICAS RETROBULARES IN;02;OPERACIONES EN LA ORBITA, EN EL GLOBO OCULAR;;;;;5;263.8;01,01,01,02
02.01.05;REPARACION PLASTICA DE LA ORBITA CON O SIN INJERTO DE P;02;OPERACIONES EN LA ORBITA, EN EL GLOBO OCULAR;228;45;87;1;268;28259.2;01,01,01,02
02.01.06;ENUCLEACION O EVISCERACION DEL GLOBO OCULAR CON O SIN I;02;OPERACIONES EN LA ORBITA, EN EL GLOBO OCULAR;228;45;80.25;1;220;25726.8;01,01,01,02
02.01.07;ASPIRACION, LAVADO E IMPLANTE DEL VITREO.;02;OPERACIONES EN LA ORBITA, EN EL GLOBO OCULAR;201.75;39.75;87;1;267;26577.3;01,01,01,02
02.01.08;VITRECTOMIA. CON MICROSCOPIO CON LUZ COAXIAL Y VITRECTO;02;OPERACIONES EN LA ORBITA, EN EL GLOBO OCULAR;637.5;127.5;186;1;910;87577.4;01,01,01,02
02.01.09;TRATAMIENTO QUIRURGICO CORRECTOR DEL ESTRABISMO (MIOTOT;02;OPERACIONES EN LA ORBITA, EN EL GLOBO OCULAR;252.75;51;104.25;1;228;27739.2;01,01,01,02
02.01.10;OP. DE HUMNELSHEIN (SUPLANTAMIENTO DEL RECTO EXTERNO PO;02;OPERACIONES EN LA ORBITA, EN EL GLOBO OCULAR;252.75;51;104.25;1;223;27475.4;01,01,01,02
02.01.11;EXCENTERACION DE CONTENIDO ORBITARIO Y RESECCION TOTAL;02;OPERACIONES EN LA ORBITA, EN EL GLOBO OCULAR;372.75;74.25;159.75;2;352;45530.6;01,01,01,02
02.02.01;RECONSTRUCCION TOTAL DEL PARPADO. TECNICA DE HUGJES O S;02;OPERACIONES EN LOS PARPADOS;201.75;39.75;87;1;223;24255.9;01,01,01,02
02.02.02;BLEFAROPLASTIA (INJERTO, CANTOPLASTIA, TRASOPLASTIA, RE;02;OPERACIONES EN LOS PARPADOS;119.25;30;80.25;1;220;19326.4;01,01,01,02
02.02.03;BLEFARORRAGIA PARCIAL O TOTAL.;02;OPERACIONES EN LOS PARPADOS;39.75;;;;97;7173.59;01,01,01,02
02.02.04;BLEFAROCHALASIS.;02;OPERACIONES EN LOS PARPADOS;61.5;;;;95;8192.98;01,01,01,02
02.02.05;ESCISION DE LESION DE PARPADOS, BLEFARECTOMIA (PIEL DE;02;OPERACIONES EN LOS PARPADOS;12.75;;;;52;3402.95;01,01,01,02
02.03.01;CONJUNTIVOPLASTIA (INJERTO LIBRE DE CONJUNTIVA O MEMBRA;02;OPERACIONES EN LA CONJUNTIVA;101.25;30;80.25;1;121;13172.2;01,01,01,02
02.03.02;ESCISION DE LESION CONJUNTIVA (QUISTE EPITELIOMA, NEVUS;02;OPERACIONES EN LA CONJUNTIVA;61.5;;;;118;9406.46;01,01,01,02
02.03.03;INTRODUCCION DE SUBSTANCIAS TERAPEUTICAS SUBCONJUNTIVAL;02;OPERACIONES EN LA CONJUNTIVA;39.75;;;;89;6751.51;01,01,01,02
02.03.04;PERITECTOMIA, PERITOMIA; ESCISION DE ANILLO DE CONJUNTI;02;OPERACIONES EN LA CONJUNTIVA;61.5;;;;89;7876.42;01,01,01,02
02.03.05;SUTURA DE CONJUNTIVA (INCLUIDA EXTRACCION DE CUERPO EXT;02;OPERACIONES EN LA CONJUNTIVA;21.75;;;;89;5820.55;01,01,01,02
02.03.06;INTRODUCCION DE SUBSTANCIAS TERAPEUTICAS INYECTABLES SU;02;OPERACIONES EN LA CONJUNTIVA;;;;;7;369.32;01,01,01,02
02.04.01;QUERATOPLASTIA LAMINAR; INJERTO DE CORNEA.;02;OPERACIONES EN LA CORNEA;372.75;74.25;132.75;1;271;37416.8;01,01,01,02
02.04.02;QUERATOPROTESIS TOTAL, QUERATOPLASTIA TOTAL.;02;OPERACIONES EN LA CORNEA;425.25;84.75;186;1;271;40675.2;01,01,01,02
02.04.03;SUTURA DE CORNEA.;02;OPERACIONES EN LA CORNEA;80.25;30;80.25;1;175;14935.1;01,01,01,02
02.04.04;QUERATOCENTESIS (COMO UNICA INTERVENCION).;02;OPERACIONES EN LA CORNEA;39.75;;;;45;4430.07;01,01,01,02
02.04.05;CAUTERIZACION CORNEAL CON O SIN RASPADO PREVIO.;02;OPERACIONES EN LA CORNEA;;;;;5;263.8;01,01,01,02
02.04.06;SUTURA DE HERIDA DE CORNEA CON PROLAPSO DE IRIS Y/O HER;02;OPERACIONES EN LA CORNEA;119.25;30;80.25;1;124;14261.5;01,01,01,02
02.05.01;TRATAMIENTO QUIRURGICO DEL GLAUCOMA.;02;OPERACIONES EN EL IRIS Y CUERPO CILIAR;303;61.5;87;1;268;32991.6;01,01,01,02
02.05.02;IRIDATOMIA. COREOPLASTIA. IRIDECTOMIA.;02;OPERACIONES EN EL IRIS Y CUERPO CILIAR;201.75;39.75;80.25;1;222;24203.1;01,01,01,02
02.05.03;IRIDOCICLECTOMIA O CICLECTOMIA POR TUMORES.;02;OPERACIONES EN EL IRIS Y CUERPO CILIAR;228;45;87;1;352;32691.1;01,01,01,02
02.05.05;Escisión lesión palpebral (biopsia,absceso,orzuelo);02;OPERACIONES EN EL IRIS Y CUERPO CILIAR;;1;;1;;51.72;01
02.05.06;Módulo de Trabeculectomía-cirugia de glaucoma;02;OPERACIONES EN EL IRIS Y CUERPO CILIAR;;1;;1;;51.72;01
02.06.01;FOTOCOAGULACION CONVENCIONAL (CADA DOS SESIONES O FRACC;02;OPERACIONES EN LA ESCLEROTICA Y EN LA RETINA;159.75;;80.25;;318;25040;01,01,01,02
02.06.02;FOTOCOAGULACION CON RAYO LASER.;02;OPERACIONES EN LA ESCLEROTICA Y EN LA RETINA;159.75;;;;407;29735.6;01,02
02.06.03;RETINOPEXIA CON ESCLERECTOMIA E IMPLANTE.;02;OPERACIONES EN LA ESCLEROTICA Y EN LA RETINA;372.75;74.25;90.75;1;273;37522.3;01,01,01,02
02.06.04;RETINOPEXIA Y ESCLERECTOMIA.;02;OPERACIONES EN LA ESCLEROTICA Y EN LA RETINA;252.75;51;87;1;268;29849.6;01,01,01,02
02.06.05;RETINOPEXIA (DIATERMIA, CRIO, ETC.).;02;OPERACIONES EN LA ESCLEROTICA Y EN LA RETINA;252.75;51;87;1;224;27528.2;01,01,01,02
02.06.06;ESCLERECTOMIA CON EXTRACCION DE CUERPO EXTRAÑO, INTRAOC;02;OPERACIONES EN LA ESCLEROTICA Y EN LA RETINA;201.75;39.75;87;1;223;24255.9;01,01,01,02
02.07.01;EXTRACCION DEL CRISTALINO (CATARATAS).;02;OPERACIONES EN EL CRISTALINO;345;69;90.75;1;228;33441.4;01,01,01,02
02.07.02;EXTRACCION DE MASAS CRISTALINIANAS. DISCISION Y ASPIRAC;02;OPERACIONES EN EL CRISTALINO;119.25;30;80.25;1;220;19326.4;01,01,01,02
02.07.03;CAPSULOTOMIA.;02;OPERACIONES EN EL CRISTALINO;80.25;30;80.25;1;177;15040.6;01,01,01,02
02.07.04;Implante de lente intraocular en forma extracapsular;02;OPERACIONES EN EL CRISTALINO;;1;;1;;51.72;01
02.07.05;Implante de menbrana amniatica solo en quemaduras ignea;02;OPERACIONES EN EL CRISTALINO;;1;;1;;51.72;01
02.08.01;DACRIOCISTORRINOSTOMIA; FISTULIZACION DE SACO LAGRIMAL;02;OPERACIONES EN EL TRACTO LAGRIMAL;201.75;39.75;87;1;223;24255.9;01,01,01,02
02.08.02;ESCISION DE GLANDULA LAGRIMAL. ESCISION DE SACO LAGRIMA;02;OPERACIONES EN EL TRACTO LAGRIMAL;119.25;30;80.25;1;220;19326.4;01,01,01,02
02.08.03;DRENAJE DE GLANDULA O SACO LAGRIMAL (ABCESO). SECCION D;02;OPERACIONES EN EL TRACTO LAGRIMAL;12.75;;;;26;2031.19;01,01,01,02
02.08.04;CATETERIZACION DE CONDUCTO LAGRIMONASAL EN QUIROFANO CO;02;OPERACIONES EN EL TRACTO LAGRIMAL;39.75;;80.25;;49;4641.11;01,01,01,02
02.09.01;Fotocoagulacion con Yag Laser;02;OPERACIONES EN EL TRACTO LAGRIMAL;;1;;1;;51.72;01
02.09.02;Fotocoagulacion con Yag Laser Only Green;02;OPERACIONES EN EL TRACTO LAGRIMAL;;1;;1;;51.72;01
02.09.04;Fotocirugia con DYE laser;02;OPERACIONES EN EL TRACTO LAGRIMAL;;1;;1;;51.72;01
02.09.05;Fotocirugia con Kripton Laser;02;OPERACIONES EN EL TRACTO LAGRIMAL;;1;;1;;51.72;01,01
02.09.06;Iridectomia por laser;02;OPERACIONES EN EL TRACTO LAGRIMAL;;0.01;;1;;0.52;01
02.09.07;TRABECULOPLASTIA c/ LASER;02;OPERACIONES EN EL TRACTO LAGRIMAL;500;;;;;4930;11
02.60.02;1 sesion de laser argon según presupuesto 020602;02;OPERACIONES EN EL TRACTO LAGRIMAL;566.75;;;;;5588.16;11
02.60.03;Cirugia Refractiva C/Eximer Laser (por ojo);02;OPERACIONES EN EL TRACTO LAGRIMAL;1400;;;;;13804;11
02.60.04;RETINOFLUORESCEINOGRAFIA BILATERAL;02;OPERACIONES EN EL TRACTO LAGRIMAL;420;;;;;4141.2;11
02.70.01;Módulo - Cirugia extracapsular de crist.con impl. LIO;02;OPERACIONES EN EL TRACTO LAGRIMAL;;1;;1;;51.72;01
02.70.02;FACOEMULSIFICACIÓN DE CRISTALINO C/IMPL.DE LIO;02;OPERACIONES EN EL TRACTO LAGRIMAL;;1;;1;;51.72;01
02.70.04;CATARATA Y GLAUCOMA COMBINADA;02;OPERACIONES EN EL TRACTO LAGRIMAL;;1;;1;;51.72;01
02.70.05;Modulo-glaucoma combinada c/catarata x facoemulsificacn;02;OPERACIONES EN EL TRACTO LAGRIMAL;;1;;1;;51.72;01
02.70.07;LASER ARGON;02;OPERACIONES EN EL TRACTO LAGRIMAL;;1;;1;;51.72;01
02.70.09;LASER ONLY GRREN;02;OPERACIONES EN EL TRACTO LAGRIMAL;;1;;1;;51.72;01
03.01.01;RECONSTRUCCION DEL PABELLON AURICULAR CON INJERTO DE CA;03;OPERACIONES EN EL OIDO EXTERNO;119.25;30;80.25;1;188;17638.1;01,01,01,02
03.01.02;OTOPLASTIA O RECONSTRUCCION DEL PABELLON (CUCURUCHO ANS;03;OPERACIONES EN EL OIDO EXTERNO;101.25;30;80.25;1;124;13330.5;01,01,01,02
03.01.03;OTOPLASTIA DE LOBULO HENDIDO.;03;OPERACIONES EN EL OIDO EXTERNO;39.75;30;80.25;1;75;7564.47;01,01,01,02
03.01.04;ESCISION COMPLETA O AMPUTACION DE PABELLON.;03;OPERACIONES EN EL OIDO EXTERNO;80.25;30;80.25;1;121;12086.1;01,01,01,02
03.01.05;INCISION Y DRENAJE DE AURICULA. SUTURA DEL PABELLON AUR;03;OPERACIONES EN EL OIDO EXTERNO;12.75;;;;26;2031.19;01,01,01,02
03.01.06;CIRUGIA DE AGENESIA DE CONDUCTO AUDITIVO EXTERNO.;03;OPERACIONES EN EL OIDO EXTERNO;531.75;106.5;186;1;281;47835.8;01,01,01,02
03.01.07;RESECCION DE OSTEOMA.;03;OPERACIONES EN EL OIDO EXTERNO;80.25;30;80.25;1;121;12086.1;01,01,01,02
03.01.08;EXTIRPACION DE COLOBOMA AURIS.;03;OPERACIONES EN EL OIDO EXTERNO;101.25;30;80.25;1;121;13172.2;01,01,01,02
03.01.09;ESCISION DE LESION LOCAL DE CONDUCTO AUDITIVO EXTERNO.;03;OPERACIONES EN EL OIDO EXTERNO;12.75;;;;26;2031.19;01,01,01,02
03.02.01;MIRINGOPLASTIA.;03;OPERACIONES EN EL OIDO MEDIO;303;61.5;127.5;1;276;33413.7;01,01,01,02
03.02.02;TIMPANOPLASTIA.;03;OPERACIONES EN EL OIDO MEDIO;425.25;84.75;159.75;1;281;41202.8;01,01,01,02
03.02.03;MIRINGOTOMIA CON O SIN COLOCACION DE TUBO DRENAJE. -UNI;03;OPERACIONES EN EL OIDO MEDIO;;;;;26;1371.76;01,01,01,02
03.02.04;CIRUGIA PLASTICA POR AGENESIA DE OIDO MEDIO.;03;OPERACIONES EN EL OIDO MEDIO;691.5;138.75;186;1;281;57766.1;01,01,01,02
03.02.05;MOVILIZACION DEL ESTRIBO.;03;OPERACIONES EN EL OIDO MEDIO;201.75;39.75;87;1;223;24255.9;01,01,01,02
03.02.06;ESTEPADECTOMIA.;03;OPERACIONES EN EL OIDO MEDIO;372.75;74.25;132.75;1;276;37680.6;01,01,01,02
03.02.07;MASTOIDECTOMIA SIMPLE O RADICAL.;03;OPERACIONES EN EL OIDO MEDIO;201.75;39.75;87;1;267;26577.3;01,01,01,02
03.02.08;ANTROTOMIA MASTOIDEA. CIERRE DE FISTULA MASTOIDEA.;03;OPERACIONES EN EL OIDO MEDIO;101.25;30;80.25;1;177;16126.8;01,01,01,02
03.02.09;PUNCION DE ANTRO MASTOIDEO.;03;OPERACIONES EN EL OIDO MEDIO;12.75;;;;20;1714.63;01,01,01,02
03.02.10;CIRUGIA DEL GLOMUS YUGULARIS.;03;OPERACIONES EN EL OIDO MEDIO;797.25;159.75;239.25;1;361;68542.4;01,01,01,02
03.02.11;CIRUGIA DE SEGUNDA Y TERCERA PORCIONES DE NERVIO FACIAL;03;OPERACIONES EN EL OIDO MEDIO;531.75;106.5;186;1;361;52056.7;01,01,01,02
03.03.01;LABERINTECTOMIA.;03;OPERACIONES EN EL OIDO INTERNO Y                CO;372.75;74.25;132.75;1;273;37522.3;01,01,01,02
03.03.02;FENESTRACION DEL CONDUCTO SEMICIRCULAR EXTERNO.;03;OPERACIONES EN EL OIDO INTERNO Y                CO;531.75;106.5;159.75;1;273;47413.8;01,01,01,02
03.03.03;CIRUGIA DEL SACO ENDOLINFATICO.;03;OPERACIONES EN EL OIDO INTERNO Y                CO;531.75;106.5;159.75;1;361;52056.7;01,01,01,02
03.03.04;CIRUGIA DEL CONDUCTO AUDITIVO INTERNO Y SU CONTENIDO (P;03;OPERACIONES EN EL OIDO INTERNO Y                CO;637.5;127.5;186;1;361;58612.2;01,01,01,02
03.03.05;TRATAMIENTO QUIRURGICO DE FRACTURA DEL PEÑASCO.;03;OPERACIONES EN EL OIDO INTERNO Y                CO;478.5;95.25;159.75;1;223;41439.8;01,01,01,02
03.03.06;TRATAMIENTO QUIRURGICO DE NEURINOMA DEL ACUSTICO POR V;03;OPERACIONES EN EL OIDO INTERNO Y                CO;797.25;159.75;186;1;346;67751;01,01,01,02
03.04.01;ATRESIA DE COANAS (PERMEABILIZACION POR ACCESO PALATINO;03;OPERACIONES EN LA NARIZ;252.75;51;104.25;1;273;30113.4;01,01,01,02
03.04.02;RESECCION TOTAL DE NARIZ.;03;OPERACIONES EN LA NARIZ;119.25;30;80.25;1;220;19326.4;01,01,01,02
03.04.03;RECONSTRUCCION DIFERIDA DE PIRAMIDE NASAL CON COLGAJO.;03;OPERACIONES EN LA NARIZ;101.25;30;80.25;1;120;13119.5;01,01,01,02
03.04.04;TRATAMIENTO QUIRURGICO DEL RINOFINA.;03;OPERACIONES EN LA NARIZ;80.25;30;80.25;1;120;12033.3;01,01,01,02
03.04.05;ESCISION DE TUMORES ENDONASALES POR RINOTOMIA LATERAL.;03;OPERACIONES EN LA NARIZ;201.75;39.75;87;1;223;24255.9;01,01,01,02
03.04.06;RESECCION DE LESION LOCAL ENDONASAL (DE SEPTUM, DECORNE;03;OPERACIONES EN LA NARIZ;12.75;;;;45;3033.63;01,01,01,02
03.04.07;ESCISION DE POLIPO RETRO-COANAL.;03;OPERACIONES EN LA NARIZ;39.75;;;;26;3427.63;01,01,01,02
03.04.08;RINOPLASTIA CON INJERTO CUTANEO PEDICULADO, CON O SIN I;03;OPERACIONES EN LA NARIZ;228;45;104.25;1;181;23669.1;01,01,01,02
03.04.09;SEPTUMPLASTIA POR IMPLANTACION DE CARTILAGO AUTOGENO. I;03;OPERACIONES EN LA NARIZ;178.5;34.5;87;1;179;20460.4;01,01,01,02
03.04.10;SEPTUMPLASTIA POR PERFORACION O IMPLANTACION DE ACRILIC;03;OPERACIONES EN LA NARIZ;101.25;30;80.25;1;163;15388.1;01,01,01,02
03.04.11;RESECCION DE TABIQUE NASAL. OPERACION DE KILLIAN.;03;OPERACIONES EN LA NARIZ;80.25;30;80.25;1;174;14882.4;01,01,01,02
03.04.12;TURBINECTOMIA PARCIAL O COMPLETA SIMPLE (UNICA O MULTIP;03;OPERACIONES EN LA NARIZ;39.75;;;;26;3427.63;01,01,01,02
03.04.13;SUTURA DE NARIZ. BIOPSIA DE NARIZ.;03;OPERACIONES EN LA NARIZ;9;;;;26;1837.24;01,01,01,02
03.05.01;CIERRE DE FISTULA MENINGEA (CRANEORRINO) POR VIA TRANSI;03;OPERACIONES EN LOS SENOS PARANASALES;372.75;74.25;132.75;1;361;42165.2;01,01,01,02
03.05.02;SINUSOTOMIA COMBINADA, FRONTAL, ETMOIDAL Y ESFENOIDAL (;03;OPERACIONES EN LOS SENOS PARANASALES;252.75;51;104.25;1;228;27739.2;01,01,01,02
03.05.03;SINUSOTOMIA COMBINADA, FRONTAL, ETMOIDAL Y ESFENOIDAL (;03;OPERACIONES EN LOS SENOS PARANASALES;303;61.5;127.5;1;238;31408.8;01,01,01,02
03.05.04;SINUSOTOMIA RADICAL FRONTAL POR VIA EXTERNA.;03;OPERACIONES EN LOS SENOS PARANASALES;119.25;30;80.25;1;122;14155.9;01,01,01,02
03.05.05;SINUSOTOMIA FRONTAL EXTERNA SIMPLE (TREPANOPUNCION DE S;03;OPERACIONES EN LOS SENOS PARANASALES;39.75;;;;89;6751.51;01,01,01,02
03.05.06;SINUSOTOMIA ESFENOIDAL.;03;OPERACIONES EN LOS SENOS PARANASALES;119.25;30;80.25;1;124;14261.5;01,01,01,02
03.05.07;PUNCION DE SENO ESFENOIDAL.;03;OPERACIONES EN LOS SENOS PARANASALES;39.75;;;;7;2425.19;01,01,01,02
03.05.08;ETMOIDECTOMIA INTERNA.;03;OPERACIONES EN LOS SENOS PARANASALES;80.25;30;80.25;1;118;11927.8;01,01,01,02
03.05.09;CIRUGIA DE TUMORES ETMOIDALES.;03;OPERACIONES EN LOS SENOS PARANASALES;119.25;30;80.25;1;118;13944.9;01,01,01,02
03.05.10;ANTROTOMIA MAXILAR RADICAL (SINUSOTOMIA MAXILAR RADICAL;03;OPERACIONES EN LOS SENOS PARANASALES;119.25;30;80.25;1;122;14155.9;01,01,01,02
03.05.11;ANTROTOMIA MAXILAR RADICAL (SINUSOTOMIA MAXILAR RADICAL;03;OPERACIONES EN LOS SENOS PARANASALES;228;45;104.25;1;228;26148.8;01,01,01,02
03.05.12;SINUSOTOMIA MAXILAR SIMPLE (VENTANA ANTRAL) UNILATERAL.;03;OPERACIONES EN LOS SENOS PARANASALES;80.25;30;80.25;1;124;12244.4;01,01,01,02
03.05.13;SINUSOTOMIA MAXILAR SIMPLE BILATERAL.;03;OPERACIONES EN LOS SENOS PARANASALES;119.25;30;80.25;1;124;14261.5;01,01,01,02
03.05.14;CIERRE DE FISTULA ORAL DE SENO MAXILAR (BUCO ANTRAL).;03;OPERACIONES EN LOS SENOS PARANASALES;119.25;30;80.25;1;178;17110.5;01,01,01,02
03.05.15;PUNCION DE SENO CON O SIN INSERCION DE SONDA DENTRO DEL;03;OPERACIONES EN LOS SENOS PARANASALES;21.75;;;;7;1494.23;01,01,01,02
03.05.16;CIRUGIA DE LA FOSA PTERIGOMAXILAR (EXPLORACION, ESCISIO;03;OPERACIONES EN LOS SENOS PARANASALES;252.75;51;127.5;1;220;27317.2;01,01,01,02
03.05.17;Sinusotomia combinada con fibra optica y videoscopia;03;OPERACIONES EN LOS SENOS PARANASALES;;1;;1;;51.72;01
03.05.18;Sinusotomia radical con fibra optica y videoscopia;03;OPERACIONES EN LOS SENOS PARANASALES;;1;;1;;51.72;01
03.05.19;Cirugia de la fosa pterigomaxilar con videofibroscopia;03;OPERACIONES EN LOS SENOS PARANASALES;;1;;1;;51.72;01
03.06.01;LARINGUECTOMIA RADICAL CON VACIAMIENTO DE CUELLO (OPER;03;OPERACIONES EN LA LARINGE;531.75;106.5;186;2;328;55823.8;01,01,01,02
03.06.02;LARINGOFARINGECTOMIA.;03;OPERACIONES EN LA LARINGE;425.25;84.75;159.75;2;281;45586;01,01,01,02
03.06.03;LARINGECTOMIA TOTAL.;03;OPERACIONES EN LA LARINGE;372.75;74.25;132.75;2;233;39252.1;01,01,01,02
03.06.04;LARINGECTOMIA PARCIAL.;03;OPERACIONES EN LA LARINGE;252.75;51;104.25;2;178;27739;01,01,01,02
03.06.05;LARINGOPLASTIA-CORDOPEXIA-ARITENOIDEOPEXIA.;03;OPERACIONES EN LA LARINGE;201.75;39.75;87;2;223;26311.7;01,01,01,02
03.06.06;LARINGOTOMIA MEDIANA E INFERIOR - LARINGOFISURA - TIROT;03;OPERACIONES EN LA LARINGE;119.25;30;80.25;1;124;14261.5;01,01,01,02
03.06.07;INCISION Y DRENAJE DE LARINGE (ABCESO, PERICONDRITIS).;03;OPERACIONES EN LA LARINGE;21.75;;;;45;3499.11;01,01,01,02
03.06.08;MICROCIRUGIA DE LARINGE.;03;OPERACIONES EN LA LARINGE;252.75;51;104.25;2;361;37394;01,01,01,02
03.06.09;Microcirugia de laringe con Laser;03;OPERACIONES EN LA LARINGE;;1;;1;;51.72;01
03.06.40;PARASENTESIS (TUBO DE VENTILACION UNILATERAL;03;OPERACIONES EN LA LARINGE;;0.01;;1;;0.52;01
03.06.41;Paracentesis (tubo de ventilación bilateral);03;OPERACIONES EN LA LARINGE;;1;;1;;51.72;01
03.06.52;Cirugia sinusal endoscópia bilateral;03;OPERACIONES EN LA LARINGE;;1;;1;;51.72;01,01
03.06.53;Cirugia sinusal endoscópica Unilateral;03;OPERACIONES EN LA LARINGE;;1;;1;;51.72;01
03.06.57;Uvulopalatofaringoplastia;03;OPERACIONES EN LA LARINGE;;1;;1;;51.72;01
03.06.58;Criocirugia de cornetes y restos;03;OPERACIONES EN LA LARINGE;;1;;1;;51.72;01
03.06.59;Microcirigia de laringe;03;OPERACIONES EN LA LARINGE;;1;;1;;51.72;01
03.06.60;Estapedectomia;03;OPERACIONES EN LA LARINGE;;1;;1;;51.72;01
03.06.62;Timpanoplastia;03;OPERACIONES EN LA LARINGE;;1;;1;;51.72;01
03.06.63;Cirugia del colesteatoma (timpanoplat. c/mastoifrctomia;03;OPERACIONES EN LA LARINGE;;1;;1;;51.72;01
03.06.64;Septumplastia Funcional;03;OPERACIONES EN LA LARINGE;;0.1;;1;;5.17;01
03.06.65;Septumrinoplastia funcional;03;OPERACIONES EN LA LARINGE;;1;;1;;51.72;01
03.07.01;INCISION Y DRENAJE DE LESION DE ORIGEN DENTARIO.;03;OPERACIONES EN DIENTES, ENCIAS, MAXILAR INFERIOR;9;;;;26;1837.24;01,01,01,02
03.07.02;EXTIRPACION DE GERMEN DENTARIO, AMELOBLASTOMA.;03;OPERACIONES EN DIENTES, ENCIAS, MAXILAR INFERIOR;101.25;30;80.25;1;178;16179.5;01,01,01,02
03.07.03;GINGIVECTOMIA PARCIAL (TUMORES).;03;OPERACIONES EN DIENTES, ENCIAS, MAXILAR INFERIOR;61.5;30;80.25;1;78;8847.66;01,01,01,02
03.07.04;GINGIVECTOMIA TOTAL AMPLIADA (TUMORES).;03;OPERACIONES EN DIENTES, ENCIAS, MAXILAR INFERIOR;80.25;30;80.25;1;122;12138.9;01,01,01,02
03.07.05;OPERACION COMANDO DE ENCIA O DE TRIGONO RETROMOLAR (ESC;03;OPERACIONES EN DIENTES, ENCIAS, MAXILAR INFERIOR;372.75;74.25;132.75;2;276;41520.8;01,01,01,02
03.07.06;BIOPSIA DE ENCIA. SUTURA DE ENCIA.;03;OPERACIONES EN DIENTES, ENCIAS, MAXILAR INFERIOR;12.75;;;;26;2031.19;01,01,01,02
03.08.01;PAROTIDECTOMIA TOTAL.;03;OPERACIONES EN LAS GLANDULAS Y CONDUCTOS SALIVALES;425.25;84.75;159.75;2;276;45322.2;01,01,01,02
03.08.02;OPERACION COMANDO DE PAROTIDA (ESCISION DE LESION PRIMA;03;OPERACIONES EN LAS GLANDULAS Y CONDUCTOS SALIVALES;531.75;106.5;186;2;361;57564.8;01,01,01,02
03.08.03;PAROTIDECTOMIA DEL LOBULO SUPERFICIAL.;03;OPERACIONES EN LAS GLANDULAS Y CONDUCTOS SALIVALES;252.75;51;104.25;2;218;29849.3;01,01,01,02
03.08.04;ESCISION RADICAL DE GLANDULA SUBMAXILAR.;03;OPERACIONES EN LAS GLANDULAS Y CONDUCTOS SALIVALES;119.25;30;80.25;1;180;17216;01,01,01,02
03.08.05;OPERACION COMANDO DE GLANDULA SUBMAXILAR (ESCISION DE L;03;OPERACIONES EN LAS GLANDULAS Y CONDUCTOS SALIVALES;372.75;74.25;132.75;1;261;36889.2;01,01,01,02
03.08.06;INCISION Y DRENAJE DE GLANDULA PAROTIDA, SUBMAXILAR O S;03;OPERACIONES EN LAS GLANDULAS Y CONDUCTOS SALIVALES;21.75;;;;45;3499.11;01,01,01,02
03.08.07;BIOPSIA DE GLANDULA SALIVAL. EXTRACCION INCISIONAL DE C;03;OPERACIONES EN LAS GLANDULAS Y CONDUCTOS SALIVALES;39.75;;;;26;3427.63;01,01,01,02
03.08.08;EXTIRPACION DE RANULA.;03;OPERACIONES EN LAS GLANDULAS Y CONDUCTOS SALIVALES;61.5;30;80.25;1;56;7686.94;01,01,01,02
03.09.01;OPERACION COMANDO PISO DE BOCA (ESCISION DE LESION PRIM;03;OPERACIONES EN LA BOCA;531.75;106.5;186;2;361;57564.8;01,01,01,02
03.09.02;ESCISION AMPLIADA DE MUCOSA YUGAL Y RECONSTRUCCION INME;03;OPERACIONES EN LA BOCA;252.75;51;104.25;1;218;27211.6;01,01,01,02
03.09.03;ESTOMATOPLASTIA CON INJERTO (INCLUYE TOMA DE INJERTO).;03;OPERACIONES EN LA BOCA;119.25;30;80.25;1;178;17110.5;01,01,01,02
03.09.04;INCISION Y DRENAJE DE PISO DE BOCA - BIOPSIA DE MUCOSA;03;OPERACIONES EN LA BOCA;12.75;;;;26;2031.19;01,01,01,02
03.09.05;CIERRE DE FISTULA EXTERNA DE BOCA.;03;OPERACIONES EN LA BOCA;80.25;30;80.25;1;119;11980.6;01,01,01,02
03.10.01;QUEILOPLASTIA, LABIO LEPORINO, UNILATERAL.;03;OPERACIONES EN LOS LABIOS;101.25;30;80.25;1;213;18026.1;01,01,01,02
03.10.02;QUEILOPLASTIA, LABIO LEPORINO, BILATERAL.;03;OPERACIONES EN LOS LABIOS;201.75;39.75;104.25;1;260;26208;01,01,01,02
03.10.03;QUEILOPLASTIA UNI O BILATERAL CON PALATOPLASTIA.;03;OPERACIONES EN LOS LABIOS;252.75;51;104.25;1;276;30271.7;01,01,01,02
03.10.04;RESECCION DE LABIO (POR ESCISION AMPLIA DE TUMOR MALIGN;03;OPERACIONES EN LOS LABIOS;101.25;30;80.25;1;180;16285;01,01,01,02
03.10.05;QUEILOPLASTIA DE BERNARD, BOROW, ABBE EASTLANDER 0 SIMI;03;OPERACIONES EN LOS LABIOS;303;61.5;127.5;1;276;33413.7;01,01,01,02
03.10.06;QUEILOPLASTIA, CON VACIAMIENTO GANGLIONAR SUPRAHIODEO B;03;OPERACIONES EN LOS LABIOS;425.25;84.75;132.75;2;361;49806.8;01,01,01,02
03.10.07;ESCISION LOCAL DE LESION DE LABIO.;03;OPERACIONES EN LOS LABIOS;39.75;30;;1;89;8303.11;01,01,01,02
03.10.08;INCISION Y DRENAJE DE LABIO (ABSCESO). SUTURA DE LABIO.;03;OPERACIONES EN LOS LABIOS;12.75;;;;26;2031.19;01,01,01,02
03.11.01;OPERACION COMANDO DE LENGUA (ESCISION DE LESION PRIMARI;03;OPERACIONES EN LA LENGUA;531.75;106.5;186;2;361;57564.8;01,01,01,02
03.11.02;GLOSECTOMIA SUBTOTAL.;03;OPERACIONES EN LA LENGUA;119.25;30;80.25;1;220;19326.4;01,01,01,02
03.11.03;ESCISION LOCAL DE LESION DE LENGUA.;03;OPERACIONES EN LA LENGUA;61.5;30;80.25;1;162;13279.5;01,01,01,02
03.11.04;GLOSOPLASTIA.;03;OPERACIONES EN LA LENGUA;101.25;30;80.25;1;178;16179.5;01,01,01,02
03.11.05;GLOSOTOMIA CON DRENAJE DE ABSCESO, CON EXTRACCION DE CU;03;OPERACIONES EN LA LENGUA;12.75;;;;26;2031.19;01,01,01,02
03.12.01;PALATOPLASTIA (PALADAR BLANDO O DURO). POR TIEMPO OPERA;03;OPERACIONES EN EL PALADAR Y LA UVULA;119.25;30;80.25;1;220;19326.4;01,01,01,02
03.12.02;RESECCION PARCIAL DE PALADAR.;03;OPERACIONES EN EL PALADAR Y LA UVULA;80.25;30;80.25;1;180;15198.9;01,01,01,02
03.12.03;RESECCION TOTAL DE PALADAR.;03;OPERACIONES EN EL PALADAR Y LA UVULA;252.75;51;104.25;1;220;27317.2;01,01,01,02
03.12.04;RESECCION TOTAL DE PALADAR Y RECONSTRUCCION INMEDIATA C;03;OPERACIONES EN EL PALADAR Y LA UVULA;372.75;74.25;132.75;2;268;41098.7;01,01,01,02
03.12.05;OPERACION COMANDO DE PALADAR BLANDO (ESCISION DE LESION;03;OPERACIONES EN EL PALADAR Y LA UVULA;531.75;106.5;186;2;361;57564.8;01,01,01,02
03.12.06;INSICION Y DRENAJE DE PALADAR (ABSCESO). SUTURA DE PALA;03;OPERACIONES EN EL PALADAR Y LA UVULA;12.75;;;;26;2031.19;01,01,01,02
03.12.10;UPP Uvulopalatofaringoplastia;03;OPERACIONES EN EL PALADAR Y LA UVULA;;1;;1;;51.72;01
03.13.01;AMIGDALECTOMIA, ADENOIDECTOMIA O AMIGDALO-ADENOIDECTOMI;03;OPERACIONES EN AMIGDALAS, ADENOIDES,;61.5;;80.25;;109;8931.62;01,01,01,02
03.13.02;ESCISION O ELECTROCOAGULACION DE AMIGDALA LINGUAL, REST;03;OPERACIONES EN AMIGDALAS, ADENOIDES,;39.75;;80.25;;65;5485.27;01,01,01,02
03.13.03;INCISION Y DRENAJE DE AMIGDALAS O TEJIDOS PERIAMIGDALIN;03;OPERACIONES EN AMIGDALAS, ADENOIDES,;12.75;;;;26;2031.19;01,01,01,02
03.13.04;OPERACION COMANDO DE FARINGE (ESCISION DE LESION PRIMA;03;OPERACIONES EN AMIGDALAS, ADENOIDES,;531.75;106.5;186;2;361;57564.8;01,01,01,02
03.13.05;FARINGOPLASTIA.;03;OPERACIONES EN AMIGDALAS, ADENOIDES,;201.75;39.75;87;2;268;28685.9;01,01,01,02
03.13.06;FARINGUECTOMIA PARCIAL (TUMORES, ETC.).;03;OPERACIONES EN AMIGDALAS, ADENOIDES,;252.75;51;104.25;2;271;32645.6;01,01,01,02
03.13.07;ESCISION DE DIVERTICULO FARINGOESOFAGICO. ESCISION DE L;03;OPERACIONES EN AMIGDALAS, ADENOIDES,;201.75;39.75;87;2;225;26417.2;01,01,01,02
03.13.08;FARINGOTOMIA (EXPLORACION-EXTRACCION DE CUERPO EXTTRAÑO;03;OPERACIONES EN AMIGDALAS, ADENOIDES,;61.5;;80.25;;121;9564.74;01,01,01,02
03.13.09;CIERRE DE FARINGOSTOMA.;03;OPERACIONES EN AMIGDALAS, ADENOIDES,;101.25;30;80.25;1;180;16285;01,01,01,02
03.13.10;SUTURA DE FARINGE.;03;OPERACIONES EN AMIGDALAS, ADENOIDES,;80.25;;80.25;;176;13436.3;01,01,01,02
03.13.11;BIOPSIA DE FARINGE.;03;OPERACIONES EN AMIGDALAS, ADENOIDES,;12.75;;;;26;2031.19;01,01,01,02
03.13.12;ESCISION RADICAL DE LESION DE NASOFARINGE.;03;OPERACIONES EN AMIGDALAS, ADENOIDES,;201.75;39.75;104.25;1;225;24361.4;01,01,01,02
03.13.13;BIOPSIA DE LESION DE NASOFARINGE.;03;OPERACIONES EN AMIGDALAS, ADENOIDES,;39.75;;;;45;4430.07;01,01,01,02
03.13.31;ADENOAMIGDALECTOMIA;03;OPERACIONES EN AMIGDALAS, ADENOIDES,;1000;;;;;8200;30
03.13.32;PARACENTESIS Y/O COLOCAC.TUBOS BENTILAC. UNILATERAL;03;OPERACIONES EN AMIGDALAS, ADENOIDES,;242;;;;;1984.4;30
03.13.34;SEPTUMFINOPLASTIA FUNCIONAL;03;OPERACIONES EN AMIGDALAS, ADENOIDES,;2420;;;;;19844;30
03.13.35;CRIOCIRUGIA DE CORNETES Y RESTOS;03;OPERACIONES EN AMIGDALAS, ADENOIDES,;545;;;;;4469;30
03.13.36;CIRUGIA ENDOSCOPICA RINOSINUSAL incluye mat.desc.unilat;03;OPERACIONES EN AMIGDALAS, ADENOIDES,;3456;;;;;28339.2;30,30,11
03.13.37;MICROCIRUGIA DE LARINGE;03;OPERACIONES EN AMIGDALAS, ADENOIDES,;1540;;;;;12628;30
03.90.01;Cirugía compleja de oido: Timpanoplastía;03;OPERACIONES EN AMIGDALAS, ADENOIDES,;3816;;;;;31291.2;30,30
03.90.02;Cir. de la Otosclerosis - Estapedectomía (inc protesis;03;OPERACIONES EN AMIGDALAS, ADENOIDES,;6048;;;;;49593.6;30,30
03.90.04;Miringoplastía;03;OPERACIONES EN AMIGDALAS, ADENOIDES,;2620;;;;;21484;30
03.90.05;Descompresión del 2º y 3º porción del facial;03;OPERACIONES EN AMIGDALAS, ADENOIDES,;3000;;;;;24600;30
03.90.06;Cir. compleja de nariz: Cir. funcional de nariz, septum;03;OPERACIONES EN AMIGDALAS, ADENOIDES,;3600;;;;;29520;30
03.90.09;Uvulopalatofaringoplastia;03;OPERACIONES EN AMIGDALAS, ADENOIDES,;2200;;;;;18040;30
04.01.01;TIROIDECTOMIA TOTAL CON VACIAMIENTO GANGLIONAR RADICAL;04;OPERACIONES EN LAS GLANDULAS                  TIR;425.25;84.75;159.75;2;366;50070.6;01,01,01,02
04.01.02;TIROIDECTOMIA TOTAL CON VACIAMIENTO GANGLIONAR RADICAL;04;OPERACIONES EN LAS GLANDULAS                  TIR;478.5;95.25;159.75;2;385;54913.3;01,01,01,02
04.01.03;TIROIDECTOMIA TOTAL.;04;OPERACIONES EN LAS GLANDULAS                  TIR;303;61.5;127.5;2;268;36172.4;01,01,01,02
04.01.04;TIROIDECTOMIA SUB-TOTAL-HEMITIROIDECTOMIA.;04;OPERACIONES EN LAS GLANDULAS                  TIR;252.75;51;87;2;223;30113.2;01,01,01,02
04.01.05;EXTIRPACION DE QUISTE TIROGLOSO.;04;OPERACIONES EN LAS GLANDULAS                  TIR;101.25;30;80.25;1;180;16285;01,01,01,02
04.01.06;PUNCION BIOPSIA DE TIROIDES.;04;OPERACIONES EN LAS GLANDULAS                  TIR;9;;;;26;1837.24;01,01,01,02
04.01.07;INCISION Y DRENAJE DE QUISTE TIROGLOSO INFECTADO.;04;OPERACIONES EN LAS GLANDULAS                  TIR;9;;;;45;2839.68;01,01,01,02
04.01.08;PARATIROIDECTOMIA.;04;OPERACIONES EN LAS GLANDULAS                  TIR;201.75;39.75;87;2;225;26417.2;01,01,01,02
04.02.01;ADRENALECTOMIA BILATERAL.;04;OPERACIONES EN LAS GLANDULAS SUPRARRENALES;425.25;84.75;186;1;366;45687.4;01,01,01,02
04.02.02;ADRENALECTOMIA UNILATERAL.;04;OPERACIONES EN LAS GLANDULAS SUPRARRENALES;252.75;51;127.5;2;273;32751.2;01,01,01,02
04.03.01;HIPOFISECTOMIA TRANSEPTOESFENOIDAL.;04;OPERACIONES EN LA GLANDULA HIPOFISIS;531.75;106.5;159.75;1;385;53322.9;01,01,01,02
05.01.01;RESECCION DE PLEURAPARIETAL, COSTILLAS, MUSCULOS INTERC;05;OPERACIONES EN LA PARED TORACICA;303;61.5;127.5;2;323;39074.2;01,01,01,02
05.01.02;OPERACION PLASTICA POR TORAX EN CARINA O EXCAVADO.;05;OPERACIONES EN LA PARED TORACICA;303;61.5;127.5;2;323;39074.2;01,01,01,02
05.01.03;TORACOPLASTIA. -POR;05;OPERACIONES EN LA PARED TORACICA;119.25;30;80.25;2;267;23357.7;01,01,01,02
05.02.01;TRAQUEOPLASTIA.;05;OPERACIONES EN LA TRAQUEA CERVICAL;303;61.5;127.5;2;267;36119.6;01,01,01,02
05.02.02;TRAQUEOSTOMIA. TRAQUEOTOMIA (COMO UNICA INTERVENCION).;05;OPERACIONES EN LA TRAQUEA CERVICAL;80.25;30;80.25;1;122;12138.9;01,01,01,02
05.02.03;TRAQUEORRAFIA POR ACCESO CERVICAL (SUTURA DE TRAQUUEA -;05;OPERACIONES EN LA TRAQUEA CERVICAL;178.5;34.5;87;1;179;20460.4;01,01,01,02
05.03.01;TRAQUEOPLASTIA POR ACCESO TORACICO. BRONCOPLASTIA.;05;OPERACIONES EN LA TRAQUEA TORACICA;372.75;74.25;132.75;2;325;44106.1;01,01,01,02
05.03.02;BRONCOTOMIA. BRONCORRAFIA (HERIDA-TRAUMATISMO).;05;OPERACIONES EN LA TRAQUEA TORACICA;252.75;51;104.25;2;228;30377;01,01,01,02
05.03.03;CAVERNOSTOMIA.;05;OPERACIONES EN LA TRAQUEA TORACICA;201.75;39.75;87;1;179;21934.4;01,01,01,02
05.03.04;CIERRE DE FISTULA BRONCO CUTANEA.;05;OPERACIONES EN LA TRAQUEA TORACICA;252.75;51;104.25;2;318;35125.3;01,01,01,02
05.04.01;NEUMONECTOMIA, LOBECTOMIA, SEGMENTECTOMIA. PLEURONEUMON;05;OPERACIONES EN PULMON, PLEURA Y MEDIASTINO;478.5;95.25;212.25;2;366;53910.8;01,01,01,02
05.04.02;ESCISION LOCAL DE LESION PULMONAR, CUERPO EXTRAÑO, QUIS;05;OPERACIONES EN PULMON, PLEURA Y MEDIASTINO;252.75;51;153.75;2;228;30377;01,01,01,02
05.04.03;OPERACIONES EN EL MEDIASTINO (VIA TORACICA O TRANSESTER;05;OPERACIONES EN PULMON, PLEURA Y MEDIASTINO;372.75;74.25;159.75;2;361;46005.4;01,01,01,02
05.04.04;NEUMOMEDIASTINO.;05;OPERACIONES EN PULMON, PLEURA Y MEDIASTINO;21.75;;;;7;1494.23;01,01,01,02
05.04.05;MEDIASTINOSCOPIA.;05;OPERACIONES EN PULMON, PLEURA Y MEDIASTINO;80.25;;80.25;;175;13383.5;01,01,01,02
05.04.06;TORACOTOMIA AMPLIA EXPLORADORA. BIOPSIA DE PULMON, PLEU;05;OPERACIONES EN PULMON, PLEURA Y MEDIASTINO;201.75;39.75;127.5;2;223;26311.7;01,01,01,02
05.04.07;DRENAJE DE PLEURA CON TROCARD, POR TORACOTOMIA MINIMA.;05;OPERACIONES EN PULMON, PLEURA Y MEDIASTINO;39.75;;;;89;6751.51;01,01,01,02
05.04.08;PUNCION DE CAVIDAD PLEURAL PARA LAVAJE, PARA INSTILACIO;05;OPERACIONES EN PULMON, PLEURA Y MEDIASTINO;;;;;7;369.32;01,01,01,02
05.04.09;PUNCION BIOPSIA DE PLEURA O PULMON CON AGUJAS ESPECIALE;05;OPERACIONES EN PULMON, PLEURA Y MEDIASTINO;39.75;;;;26;3427.63;01,01,01,02
05.04.10;BIOPSIA DE GRASA PRE-ESCALENICA. -BIO;05;OPERACIONES EN PULMON, PLEURA Y MEDIASTINO;80.25;30;80.25;1;73;9553.61;01,01,01,02
05.04.11;NEUMOTORAX POR CADA INYECCION.;05;OPERACIONES EN PULMON, PLEURA Y MEDIASTINO;;;;;7;369.32;01,01,01,02
05.04.13;Toracovideoscopia terapeutica para resecciones;05;OPERACIONES EN PULMON, PLEURA Y MEDIASTINO;;1;;1;;51.72;01
05.05.01;Colocación de stent endobronquial;05;OPERACIONES EN PULMON, PLEURA Y MEDIASTINO;;1;;1;;9.86;11
06.01.01;MASTECTOMIA RADIAL (RESECCION DEL PECTORAL MAYOR, PECTO;06;OPERACIONES EN LA MAMA;372.75;74.25;132.75;1;323;40160.3;01,01,01,02
06.01.02;MASTECTOMIA SUBRADICAL (CON CONSERVACION DEL PECTORAL M;06;OPERACIONES EN LA MAMA;303;61.5;127.5;2;271;36330.7;01,01,01,02
06.01.03;MASTECTOMIA SIMPLE.;06;OPERACIONES EN LA MAMA;104.25;30;80.25;1;217;18392.3;01,01,01,02
06.01.04;MASTECTOMIA SUBCUTANEA (ADENOMASTECTOMIA).;06;OPERACIONES EN LA MAMA;178.5;34.5;87;1;279;25736.4;01,01,01,02
06.01.05;MASTOPLASTIA UNILATERAL (CON AUTORIZACION PREVIA).;06;OPERACIONES EN LA MAMA;178.5;34.5;87;1;220;22623.6;01,01,01,02
06.01.06;MASTOPLASTIA BILATERAL (CON AUTORIZACION PREVIA).;06;OPERACIONES EN LA MAMA;228;45;104.25;1;313;30633.4;01,01,01,02
06.01.07;MAMILOPLASTIA EN UNO O DOS TIEMPOS.;06;OPERACIONES EN LA MAMA;80.25;30;80.25;1;217;17151;01,01,01,02
06.01.08;ESCISION LOCAL DE LESION DE MAMA (QUISTE, FIBROADENOMA;06;OPERACIONES EN LA MAMA;61.5;30;80.25;1;122;11169.1;01,01,01,02
06.01.09;ESCISION DE CUADRANTE MAMARIO (BIOPSIA SECTORIAL O CUAD;06;OPERACIONES EN LA MAMA;80.25;30;80.25;1;122;12138.9;01,01,01,02
06.01.10;DRENAJE DE ABSCESO MAMARIO.;06;OPERACIONES EN LA MAMA;21.75;;;;45;3499.11;01,01,01,02
06.01.11;PUNCION QUISTE MAMARIO. PUNCION BIOPSIA DE MAMA.;06;OPERACIONES EN LA MAMA;9;;;;26;1837.24;01,01,01,02
06.01.12;Cirugía no oncológica de mama (aut. 50 %);06;OPERACIONES EN LA MAMA;200;;;;;1972;11
06.01.13;TUMORECTOMIA MAMA -EXTRACCO.GUIADA GANGLIO CENTINE;06;OPERACIONES EN LA MAMA;950;;;;;9367;11
06.06.17;ESTUDIO ELECTROFISIOLOGICO COMPLEJO P/ TODO CONCEPTO;06;OPERACIONES EN LA MAMA;1200;;;;;11832;11
06.06.18;ABLACION POR RADIOFRECUENCIA TRANSCATETER;06;OPERACIONES EN LA MAMA;2500;;;;;24650;11,33
07.01.01;SEPTOSTOMIA INTERAURICULAR (BLALOCK HANLON). CARDIOTOMI;07;OPERACIONES EN EL CORAZON Y PERICARDIO;637.5;127.5;239.25;2;366;65470.3;01,01,01,02
07.01.02;SEPTOSOTOMIA CON BALON DE RASHBIND (TERAPEUTICA). INCLU;07;OPERACIONES EN EL CORAZON Y PERICARDIO;252.75;51;104.25;1;270;29955.2;01,01,01,02
07.01.03;COLOCACION DE MARCAPASO DEFINITIVO CON ELECTRODO ENDOCA;07;OPERACIONES EN EL CORAZON Y PERICARDIO;201.75;39.75;104.25;1;270;26735.6;01,01,01,02
07.01.04;COLOCACION DE MARCAPASO DEFINITIVO CON ELECTRODO EPICAR;07;OPERACIONES EN EL CORAZON Y PERICARDIO;372.75;74.25;159.75;2;351;45477.8;01,01,01,02
07.01.05;CAMBIO DE GENERADOR DE MARCAPASO DEFINITIVO. RECOLOCACI;07;OPERACIONES EN EL CORAZON Y PERICARDIO;119.25;30;80.25;1;270;21964.4;01,01,01,02
07.01.06;IMPLANTACION DE CIRCULACION ASISTIDA EXTERNA POR CONTRA;07;OPERACIONES EN EL CORAZON Y PERICARDIO;252.75;51;104.25;1;550;44727.9;01,01,01,02
07.01.07;MANTENIMIENTO DE CIRCULACION ASISTIDA EXTERNA POR CONTR;07;OPERACIONES EN EL CORAZON Y PERICARDIO;39.75;;;;;2055.87;01,01,01,02
07.01.08;CARDIORRAFIA: SUTURA DE CORAZON (HERIDA, TRAUMATISMO).;07;OPERACIONES EN EL CORAZON Y PERICARDIO;303;61.5;153.75;2;273;36436.2;01,01,01,02
07.01.09;PERICARDIOTOMIA CON EXPLORACION, CON DRENAJE, CON EXTRA;07;OPERACIONES EN EL CORAZON Y PERICARDIO;303;61.5;127.5;2;267;36119.6;01,01,01,02
07.01.10;BIOPSIA DE PERICARDIO.;07;OPERACIONES EN EL CORAZON Y PERICARDIO;228;45;104.25;2;222;28159.7;01,01,01,02
07.01.11;PERICARDIOCENTESIS (DIAGNOSTICA O TERAPEUTICA).;07;OPERACIONES EN EL CORAZON Y PERICARDIO;39.75;;;;7;2425.19;01,01,01,02
07.01.12;CATETERISMO DE CORAZON PARA COLOCACION DE MARCAPASO TRA;07;OPERACIONES EN EL CORAZON Y PERICARDIO;119.25;30;;1;220;19326.4;01,01,01,02
07.01.13;Biopsia de endocardio por cateterismo cardiaco;07;OPERACIONES EN EL CORAZON Y PERICARDIO;;1;;1;;51.72;01
07.01.14;Biopsia de miocardio por cateterismo cardiaco;07;OPERACIONES EN EL CORAZON Y PERICARDIO;;1;;1;;51.72;01
07.01.15;Colocacion de desfibrilador implante;07;OPERACIONES EN EL CORAZON Y PERICARDIO;;1;;1;;51.72;01
07.02.01;TRATAMIENTO QUIRURGICO DE LAS CARDIOPATIAS, CONGENITAS;07;OPERACIONES CARDIOVASCULARES CON;1806.75;361.5;399;3;1273;216699;01,01,01,02
07.02.02;TRATAMIENTO QUIRURGICO DE LAS CARDIOPATIAS CONGENITAS C;07;OPERACIONES CARDIOVASCULARES CON;1913.25;382.5;558;3;1642;244934;01,01,01,02
07.02.03;REEMPLAZO DE VALVULA CARDIACA POR PROTESIS O INJERTO.;07;OPERACIONES CARDIOVASCULARES CON;1594.5;318.75;451.5;3;1273;199088;01,01,01,02
07.02.04;DOBLE REEMPLAZO VALVULAR CARDIACO.;07;OPERACIONES CARDIOVASCULARES CON;1913.25;382.5;558;3;1273;225466;01,01,01,02
07.02.05;REEMPLAZO DE UNA VALVULA CARDIACA Y PLASTICA DE LA OTRA;07;OPERACIONES CARDIOVASCULARES CON;1860;372.75;451.5;3;1273;221199;01,01,01,02
07.02.06;CIERRE DEFECTOS SEPTALES (AURICULARES Y/O VENTRICULARES;07;OPERACIONES CARDIOVASCULARES CON;1381.5;276;399;3;1233;179328;01,01,01,02
07.02.07;TRATAMIENTO QUIRURGICO DE LOS ANEURISMAS DEL CAYADO AOR;07;OPERACIONES CARDIOVASCULARES CON;1913.25;382.5;558;3;1273;225466;01,01,01,02
07.02.08;TRATAMIENTO QUIRURGICO DE LOS ANEURISMAS DE LA AORTA AS;07;OPERACIONES CARDIOVASCULARES CON;1594.5;318.75;451.5;3;1273;199088;01,01,01,02
07.02.09;DERIVACION (BY-PASS) AORTO CORONARIA UNICA, DOBLE O TRI;07;OPERACIONES CARDIOVASCULARES CON;1594.5;318.75;451.5;3;1273;199088;01,01,01,02
07.02.10;DERIVACION (BY-PASS) MAMARIO CORONARIA.;07;OPERACIONES CARDIOVASCULARES CON;1860;372.75;451.5;3;1273;221199;01,01,01,02
07.02.11;RESECCION DE ANEURISMA VENTRICULAR COMO UNICA INTERVENC;07;OPERACIONES CARDIOVASCULARES CON;1329;266.25;399;3;1142;170299;01,01,01,02
07.02.12;RESECCION DE ANEURISMA VENTRICULAR COMO COMPLEMENTO DE;07;OPERACIONES CARDIOVASCULARES CON;531.75;106.5;186;3;422;66291.4;01,01,01,02
07.03.01;CIRUGIA DE LOS GRANDES TRONCOS ARTERIOVENOSOS DE LA CA;07;OPERACIONES EN ARTERIAS Y VENAS                D;797.25;159.75;266.25;3;323;83062.1;01,01,01,02
07.03.02;TRATAMIENTO QUIRURGICO DEL ANEURISMA DE AORTA TORACO AB;07;OPERACIONES EN ARTERIAS Y VENAS                D;797.25;159.75;266.25;3;350;84486.6;01,01,01,02
07.04.01;TRATAMIENTO QUIRURGICO DEL ANEURISMA DE LA AORTA ABDOMI;07;OPERACIONES EN LAS ARTERIAS Y VENAS DE LA;637.5;127.5;239.25;2;366;65470.3;01,01,01,02
07.04.02;CIRUGIA DE LAS RAMAS VISCERALES DE LA AORTA ABDOMINAL Y;07;OPERACIONES EN LAS ARTERIAS Y VENAS DE LA;531.75;106.5;186;2;318;55296.2;01,01,01,02
07.04.03;DERIVACION AORTO O ILIACO-FEMORAL UNILATERAL (CON O SIN;07;OPERACIONES EN LAS ARTERIAS Y VENAS DE LA;425.25;84.75;159.75;2;323;47801.9;01,01,01,02
07.04.04;DERIVACION AORTO BIFEMORAL (CON O SIN SIMPATECTOMIA).;07;OPERACIONES EN LAS ARTERIAS Y VENAS DE LA;637.5;127.5;239.25;2;323;63201.6;01,01,01,02
07.04.05;DERIVACION AORTO ILIACO, UNI O BILATERAL (CON O SIN SIM;07;OPERACIONES EN LAS ARTERIAS Y VENAS DE LA;531.75;106.5;186;2;366;57828.6;01,01,01,02
07.04.06;OTRAS DERIVACIONES ARTERIALES EN CAVIDAD ABDOMINAL.;07;OPERACIONES EN LAS ARTERIAS Y VENAS DE LA;425.25;84.75;159.75;2;323;47801.9;01,01,01,02
07.04.07;ANASTOMOSIS PORTO-CAVA O ESPLENO-RENAL O MESENTERICA CA;07;OPERACIONES EN LAS ARTERIAS Y VENAS DE LA;531.75;106.5;186;2;323;55559.9;01,01,01,02
07.04.08;CIRUGIA DE LA VENA CAVA: LIGADURA, CERCLAJE; CLIPS SUTU;07;OPERACIONES EN LAS ARTERIAS Y VENAS DE LA;252.75;51;104.25;2;267;32434.6;01,01,01,02
07.04.09;COLOCACION DE FILTRO (MOBIN-UDDIN O SIMILAR) EN VENA CA;07;OPERACIONES EN LAS ARTERIAS Y VENAS DE LA;119.25;;;;142;13659.5;01,01,01,02
07.05.01;CIRUGIA DE LA ARTERIA CAROTIDA O DE LA VERTEBRAL: TROMB;07;OPERACIONES EN LAS ARTERIAS Y VENAS DEL CUELLO;425.25;84.75;159.75;2;361;49806.8;01,01,01,02
07.05.02;SUTURA O LIGADURA DE LOS VASOS PROFUNDOS DEL CUELLO (CA;07;OPERACIONES EN LAS ARTERIAS Y VENAS DEL CUELLO;119.25;30;80.25;1;267;21806.1;01,01,01,02
07.05.03;GLOMECTOMIA - TUMOR DE GLOMUS CAROTIDEO.;07;OPERACIONES EN LAS ARTERIAS Y VENAS DEL CUELLO;303;61.5;127.5;1;225;30722.9;01,01,01,02
07.06.01;EMBOLECTOMIA EN ARTERIAS PERIFERICAS.;07;OPERACIONES EN LAS ARTERIAS Y VENAS DE LOS;119.25;30;80.25;1;223;19484.7;01,01,01,02
07.06.02;TROMBOENDARTERECTOMIA DE VASOS PERIFERICOS CON O SIN AR;07;OPERACIONES EN LAS ARTERIAS Y VENAS DE LOS;252.75;51;104.25;2;220;29954.9;01,01,01,02
07.06.03;DERIVACION (BY-PASS) DE VASOS PERIFERICOS CON INJERTO V;07;OPERACIONES EN LAS ARTERIAS Y VENAS DE LOS;425.25;84.75;159.75;2;268;44900.2;01,01,01,02
07.06.04;DERIVACION (BY-PASS) DE VASOS PERIFERICOS CON INJERTO S;07;OPERACIONES EN LAS ARTERIAS Y VENAS DE LOS;372.75;74.25;159.75;2;271;41257;01,01,01,02
07.06.05;TRATAMIENTO DEL ANEURISMA O DE LAS FISTULAS ARTERIO-VEN;07;OPERACIONES EN LAS ARTERIAS Y VENAS DE LOS;303;61.5;127.5;2;223;33798.2;01,01,01,02
07.06.06;ANASTOMOSIS ARTERIAL. ARTERIORRAFIA.;07;OPERACIONES EN LAS ARTERIAS Y VENAS DE LOS;178.5;34.5;87;1;179;20460.4;01,01,01,02
07.06.07;SHUNT O FISTULA ARTERIOVENOSA PERIFERICA PARA HEMODIALI;07;OPERACIONES EN LAS ARTERIAS Y VENAS DE LOS;178.5;34.5;87;1;120;17347.6;01,01,01,02
07.06.08;DISECCION DE ARTERIAS PARA PERFUSION REGIONAL. EXPLORAC;07;OPERACIONES EN LAS ARTERIAS Y VENAS DE LOS;39.75;30;80.25;1;73;7458.95;01,01,01,02
07.06.09;PUNCION ARTERIAL PARA INYECCION MEDICAMENTOSA.;07;OPERACIONES EN LAS ARTERIAS Y VENAS DE LOS;9;;;;7;834.8;01,01,01,02
07.06.10;LIGADURA UNILATERAL DE TRONCOS VENOSOS PROFUNDOS (COMO;07;OPERACIONES EN LAS ARTERIAS Y VENAS DE LOS;61.5;30;80.25;1;120;11063.6;01,01,01,02
07.06.11;TROMBECTOMIA VENOSA PROFUNDA.;07;OPERACIONES EN LAS ARTERIAS Y VENAS DE LOS;119.25;30;80.25;1;223;19484.7;01,01,01,02
07.06.12;SAFENECTOMIA INTERNA Y/O EXTERNA DE MIEMBRO INFERIOR CO;07;OPERACIONES EN LAS ARTERIAS Y VENAS DE LOS;101.25;30;80.25;1;120;13119.5;01,01,01,02
07.06.13;SAFENECTOMIA INTERNA Y/O EXTERNA DE MIEMBRO INFERIOR CO;07;OPERACIONES EN LAS ARTERIAS Y VENAS DE LOS;228;45;104.25;1;225;25990.6;01,01,01,02
07.06.14;OPERACION DE LINTON, GOCKETT O SIMILARES (LIGADURAS SUB;07;OPERACIONES EN LAS ARTERIAS Y VENAS DE LOS;119.25;30;80.25;1;179;17163.2;01,01,01,02
07.06.15;FLEBOTOMIA CON COLOCACION DE CATETER. DISECCION DE VENA;07;OPERACIONES EN LAS ARTERIAS Y VENAS DE LOS;12.75;;;;26;2031.19;01,01,01,02
07.06.16;FLEBECTOMIA SEGMENTARIA POR VARICES RESIDUALES.;07;OPERACIONES EN LAS ARTERIAS Y VENAS DE LOS;39.75;30;80.25;1;120;9938.67;01,01,01,02
07.06.62;tratam.esclerosante de várices;07;OPERACIONES EN LAS ARTERIAS Y VENAS DE LOS;106;;;;;869.2;30
07.07.01;CATETERISMO DE CORAZON PARA DIAGNOSTICO (COMPRENDE TOMA;07;PROCEDIMIENTOS ANGIO-CARDIORRADIOLOGICOS;106.5;30;;1;220;18667;01,01,01,02
07.07.02;CARDIOGRAFIA-ANGIOCARDIOGRAFIA INCLUYE CATETERISMO DE C;07;PROCEDIMIENTOS ANGIO-CARDIORRADIOLOGICOS;212.25;42.75;;1;284;28172.4;01,01,01,02
07.07.03;CORONARIOGRAFIA SELECTIVA DE CORONARIA IZQUIERDA Y/O D;07;PROCEDIMIENTOS ANGIO-CARDIORRADIOLOGICOS;212.25;42.75;;1;300;29016.6;01,01,01,02
07.07.04;AORTOGRAFIA POR PUNCION LUMBAR.;07;PROCEDIMIENTOS ANGIO-CARDIORRADIOLOGICOS;54;;;;26;4164.64;01,01,01,02
07.07.05;AORTOGRAFIA POR CATETERISMO FEMORAL.;07;PROCEDIMIENTOS ANGIO-CARDIORRADIOLOGICOS;66;30;;1;45;7339.32;01,01,01,02
07.07.06;AORTOGRAFIA ABDOMINAL Y ESTUDIO SELECTIVO DE LAS ARTERI;07;PROCEDIMIENTOS ANGIO-CARDIORRADIOLOGICOS;93.75;30;;1;220;18007.5;01,01,01,02
07.07.07;AORTOGRAFIA TORACICA Y/O ESTUDIO SELECTIVO DE LAS ARTER;07;PROCEDIMIENTOS ANGIO-CARDIORRADIOLOGICOS;106.5;30;;1;220;18667;01,01,01,02
07.07.08;AORTOGRAFIA ABDOMINAL Y ESTUDIO SELECTIVO DE TRONCO CEL;07;PROCEDIMIENTOS ANGIO-CARDIORRADIOLOGICOS;106.5;30;;1;220;18667;01,01,01,02
07.07.09;CAVOGRAFIA ABDOMINAL Y/O TORACICA Y/O SELECTIVA DE SUS;07;PROCEDIMIENTOS ANGIO-CARDIORRADIOLOGICOS;106.5;30;;1;89;11755.4;01,01,01,02
07.07.10;ACIGOGRAFIA POR PUNCION TRANSOSEA.;07;PROCEDIMIENTOS ANGIO-CARDIORRADIOLOGICOS;26.25;;;;89;6053.29;01,01,01,02
07.07.11;FLEBOGRAFIA DEL SENO PETROSO (BILATERAL).;07;PROCEDIMIENTOS ANGIO-CARDIORRADIOLOGICOS;132.75;30;;1;89;13113.1;01,01,01,02
07.07.12;ARTERIOGRAFIA SELECTIVA DE ARTERIAS INTERCOSTALES LUMBA;07;PROCEDIMIENTOS ANGIO-CARDIORRADIOLOGICOS;132.75;30;80.25;1;122;14854.1;01,01,01,02
07.07.13;FLEBOGRAFIA SUPRARRENAL BILATERAL CON EXTRACCION DE MUE;07;PROCEDIMIENTOS ANGIO-CARDIORRADIOLOGICOS;132.75;30;;1;89;13113.1;01,01,01,02
07.07.14;ARTERIOGRAFIA PERIFERICA POR PUNCION.;07;PROCEDIMIENTOS ANGIO-CARDIORRADIOLOGICOS;39.75;;;;7;2425.19;01,01,01,02
07.07.15;EMBOLIZACION SELECTIVA TERAPEUTICA Y/O INYECCION DE DRO;07;PROCEDIMIENTOS ANGIO-CARDIORRADIOLOGICOS;26.25;;;;45;3731.85;01,01,01,02
07.07.16;FLEBOGRAFIA DE MIEMBROS INFERIOR O SUPERIOR.;07;PROCEDIMIENTOS ANGIO-CARDIORRADIOLOGICOS;39.75;;;;26;3427.63;01,01,01,02
07.07.17;Flebotomia transcutanea y colocacion de cateter doble;07;PROCEDIMIENTOS ANGIO-CARDIORRADIOLOGICOS;;1;;1;;51.72;01
07.07.18;Flebotomia con colocacion de cateter implantable con;07;PROCEDIMIENTOS ANGIO-CARDIORRADIOLOGICOS;;1;;1;;51.72;01
07.08.01;Angioplastia transluminal coronaria con o sin colocacio;07;PROCEDIMIENTOS ANGIO-CARDIORRADIOLOGICOS;;1;;1;;51.72;01
07.08.03;Angioplastia transluminal coronaria con;07;PROCEDIMIENTOS ANGIO-CARDIORRADIOLOGICOS;;0.01;;1;;0.52;01
07.08.04;Traramiento desembolizante con quinasas.;07;PROCEDIMIENTOS ANGIO-CARDIORRADIOLOGICOS;;1;;1;;51.72;01
07.08.05;Angioplastia periferica;07;PROCEDIMIENTOS ANGIO-CARDIORRADIOLOGICOS;;0.01;;1;;0.52;01
07.08.06;Angioplastia periferica con colocacion de stent.;07;PROCEDIMIENTOS ANGIO-CARDIORRADIOLOGICOS;;1;;1;;51.72;01
07.09.01;Traspalnate cardiaco;07;PROCEDIMIENTOS ANGIO-CARDIORRADIOLOGICOS;;1;;1;;51.72;01
07.09.02;SIN DESCRIPCION;07;PROCEDIMIENTOS ANGIO-CARDIORRADIOLOGICOS;;;;;;;
07.10.01;Valvuloplastia mitral.;07;PROCEDIMIENTOS ANGIO-CARDIORRADIOLOGICOS;;1;;1;;51.72;01
07.10.02;Valvuloplastia pulmonar;07;PROCEDIMIENTOS ANGIO-CARDIORRADIOLOGICOS;;1;;1;;51.72;01
07.37.70;tratamiento de quimioterapia - baja compl hasta 3 hs;07;PROCEDIMIENTOS ANGIO-CARDIORRADIOLOGICOS;1;1;;1;;61.58;11,01
07.37.71;tratam. de quimiot. - baja compl.mas de 3 hs. sin droga;07;PROCEDIMIENTOS ANGIO-CARDIORRADIOLOGICOS;1;1;;1;;61.58;11,01
07.90.07;FLEBOCAVOGRAFIA ISI FTV;07;PROCEDIMIENTOS ANGIO-CARDIORRADIOLOGICOS;750;;;;;7395;11
07.90.08;uso fleboextractor;07;PROCEDIMIENTOS ANGIO-CARDIORRADIOLOGICOS;500;;;;;1570;32
08.01.01;ESOFAGUECTOMIA TOTAL Y RECONSTRUCCION EN UN TIEMPO.;08;OPERACIONES EN EL ESOFAGO;797.25;159.75;239.25;2;375;77543.3;01,01,01,02
08.01.02;ESOFAGUECTOMIA SEGMENTARIA Y RECONSTRUCCION EN UN TIEMP;08;OPERACIONES EN EL ESOFAGO;637.5;127.5;212.25;2;361;65206.5;01,01,01,02
08.01.03;ESOFAGUECTOMIA TOTAL (COMO UNICO TRATAMIENTO O PRIMER T;08;OPERACIONES EN EL ESOFAGO;303;61.5;204;2;318;38810.4;01,01,01,02
08.01.04;REEMPLAZO DE ESOFAGO.;08;OPERACIONES EN EL ESOFAGO;531.75;106.5;186;2;361;57564.8;01,01,01,02
08.01.05;ESOFAGOGASTROPLASTIA (ESOFAGOCARDIOPLASTIA - ESOFAGOSPL;08;OPERACIONES EN EL ESOFAGO;372.75;74.25;132.75;2;366;46269.2;01,01,01,02
08.01.06;OPERACIONES DERIVATIVAS PALIATIVAS (ESOFAGOGASTRO O ESO;08;OPERACIONES EN EL ESOFAGO;372.75;74.25;132.75;2;366;46269.2;01,01,01,02
08.01.07;TRATAMIENTO DE LA ATRESIA ESOFAGICA, CON O SIN FISTULA;08;OPERACIONES EN EL ESOFAGO;797.25;159.75;217.5;2;366;77068.5;01,01,01,02
08.01.08;ESOFAGOTOMIA EXPLORADORA POR VIA TORACICA O ABDOMINAL (;08;OPERACIONES EN EL ESOFAGO;372.75;74.25;132.75;2;221;38619;01,01,01,02
08.01.09;ESCISION DE DIVERTICULO ESOFAGICO INTRATORACICO.;08;OPERACIONES EN EL ESOFAGO;372.75;74.25;132.75;2;268;41098.7;01,01,01,02
08.01.10;ESOFAGOTOMIA O ESOFAGORRAFIA DE ESOFAGO CERVICAL (EXPLO;08;OPERACIONES EN EL ESOFAGO;252.75;51;104.25;2;220;29954.9;01,01,01,02
08.01.11;ESCISION DE DIVERTICULO DE ESOFAGO CERVICAL.;08;OPERACIONES EN EL ESOFAGO;252.75;51;104.25;2;225;30218.7;01,01,01,02
08.01.12;INTUBACION DE ESOFAGO (POR GASTROTOMIA). (OPER;08;OPERACIONES EN EL ESOFAGO;201.75;39.75;87;1;221;24150.3;01,01,01,02
08.01.13;COLOCACION DE TUBO DE SOUTARD.;08;OPERACIONES EN EL ESOFAGO;101.25;30;80.25;1;78;10903.5;01,01,01,02
08.02.01;DERMOLIPECTOMIA ABDOMINAL CON O SIN RECONSTRUCCION DEL;08;OPERACIONES EN LA PARED DEL ABDOMEN,;252.75;51;104.25;2;228;30377;01,01,01,02
08.02.02;HERNIOPLASTIA DIAFRAGMATICA O ISQUIRRECTAL.;08;OPERACIONES EN LA PARED DEL ABDOMEN,;252.75;51;104.25;2;270;32592.9;01,01,01,02
08.02.03;HERNIOPLASTIA VLP;08;OPERACIONES EN LA PARED DEL ABDOMEN,;1404.96;;;1;;13852.9;11
08.02.04;TRATAMIENTO QUIRURGICO DEL ONFALOCELE.;08;OPERACIONES EN LA PARED DEL ABDOMEN,;252.75;51;104.25;1;220;27317.2;01,01,01,02
08.02.05;HERNIOPLASTIA BILATERAL.;08;OPERACIONES EN LA PARED DEL ABDOMEN,;201.75;39.75;87;1;228;24519.7;01,01,01,02
08.02.06;EVENTRACION; HERNIA RECIDIVADA.;08;OPERACIONES EN LA PARED DEL ABDOMEN,;228;45;87;1;225;25990.6;01,01,01,02
08.02.07;CIERRE DE PARED ABDOMINAL POR EVISCERACION.;08;OPERACIONES EN LA PARED DEL ABDOMEN,;119.25;30;80.25;1;124;14261.5;01,01,01,02
08.02.08;LAPARATOMIA EXPLORADORA-EVACUADORA-EXTRACCION CUERPO EX;08;OPERACIONES EN LA PARED DEL ABDOMEN,;119.25;30;80.25;1;218;19220.9;01,01,01,02
08.02.09;ENTEROLISIS (DEBRIDAMIENTO INTESTINAL) COMO UNICA OPERA;08;OPERACIONES EN LA PARED DEL ABDOMEN,;201.75;39.75;87;1;218;23992.1;01,01,01,02
08.02.10;LAPARASCOPIA CON LUZ FRIA (INCLUYE BIOPSIA).;08;OPERACIONES EN LA PARED DEL ABDOMEN,;66;;;;100;8689.52;01,01,01,02
08.02.11;LAPARASCOPIA CONVENCIONAL (INCLUYE BIOPSIAS DIRIGIDAS).;08;OPERACIONES EN LA PARED DEL ABDOMEN,;39.75;;;;45;4430.07;01,01,01,02
08.02.12;PERITONEOCENTESIS EVACUADORA, DIAGNOSTICA O PARA NEUMOP;08;OPERACIONES EN LA PARED DEL ABDOMEN,;;;;;7;369.32;01,01,01,02
08.02.13;ESCISION DE TUMOR RETROPERITONEAL (EXCLUIDOS DE RIÑON Y;08;OPERACIONES EN LA PARED DEL ABDOMEN,;252.75;61.5;127.5;2;266;33467.9;01,01,01,02
08.02.14;DRENAJE DE ABSCESO SUBFRENICO (COMO UNICA OPERACION).;08;OPERACIONES EN LA PARED DEL ABDOMEN,;201.75;39.75;87;2;223;26311.7;01,01,01,02
08.02.16;Hernioplastia diafragmatica con fundoplicatura;08;OPERACIONES EN LA PARED DEL ABDOMEN,;;1;;1;;51.72;01
08.02.17;Videolaparoscopia con biopsia o diagnostica;08;OPERACIONES EN LA PARED DEL ABDOMEN,;;1;;1;;51.72;01
08.03.01;GASTRECTOMIA TOTAL.;08;OPERACIONES EN EL ESTOMAGO;531.75;106.5;186;2;361;57564.8;01,01,01,02
08.03.02;GASTRECTOMIA SUBTOTAL O REGASTRECTOMIA (CON O SIN VAGOT;08;OPERACIONES EN EL ESTOMAGO;303;61.5;104.25;2;271;36330.7;01,01,01,02
08.03.03;GASTROTOMIA (EXPLORACION-EXTRACCION DE CUERPO EXTRAÑO).;08;OPERACIONES EN EL ESTOMAGO;201.75;39.75;87;1;220;24097.6;01,01,01,02
08.03.04;GASTROSTOMIA (COMO UNICA OPERACION).;08;OPERACIONES EN EL ESTOMAGO;178.5;34.5;80.25;1;220;22623.6;01,01,01,02
08.03.05;GASTRORRAFIA (ULCERA GASTRICA PERFORADA, HERIDA, TRAUMA;08;OPERACIONES EN EL ESTOMAGO;201.75;39.75;87;1;223;24255.9;01,01,01,02
08.03.06;GASTRODUODENOSTOMIA-GASTROYEYUNOSTOMIA (COMO UNICA OPER;08;OPERACIONES EN EL ESTOMAGO;252.75;51;104.25;2;223;30113.2;01,01,01,02
08.03.07;VAGOTOMIA CON PILOROPLASTIA O CON GASTROENTEROANASTOMOS;08;OPERACIONES EN EL ESTOMAGO;252.75;51;127.5;2;271;32645.6;01,01,01,02
08.03.08;PILOROMIOTOMIA-PILOROPLASTIA.;08;OPERACIONES EN EL ESTOMAGO;228;45;104.25;2;223;28212.4;01,01,01,02
08.03.09;CIERRE O ELIMINACION DE GASTROENTEROANASTOMOSIS.;08;OPERACIONES EN EL ESTOMAGO;252.75;51;104.25;2;271;32645.6;01,01,01,02
08.03.10;CIERRE DE FISTULA GASTROCOLICA O GASTROYEYUNOCOLICA.;08;OPERACIONES EN EL ESTOMAGO;425.25;84.75;159.75;2;276;45322.2;01,01,01,02
08.03.11;CIERRE DE GASTROSTOMIA U OTRA FISTULA EXTERNA DE ESTOMA;08;OPERACIONES EN EL ESTOMAGO;228;45;104.25;2;223;28212.4;01,01,01,02
08.04.01;ENTERECTOMIA DE YEYUNO O ILEON.;08;OPERACIONES EN EL INTESTINO DELGADO;228;45;104.25;2;268;30586.6;01,01,01,02
08.04.02;ESCISION DIVERTICULO DE MECKEL.;08;OPERACIONES EN EL INTESTINO DELGADO;178.5;34.5;87;1;223;22781.8;01,01,01,02
08.04.03;ENTEROSTOMIA. ESTEROSTOMIA TEMPORARIA O DEFINITIVA. ENT;08;OPERACIONES EN EL INTESTINO DELGADO;228;45;104.25;2;223;28212.4;01,01,01,02
08.04.04;DERIVACIONES INTESTINALES INTERNAS COMO UNICA OPERACION;08;OPERACIONES EN EL INTESTINO DELGADO;252.75;51;104.25;2;223;30113.2;01,01,01,02
08.04.05;OPERACION PLASTICA EN ILEOSTOMIA (COMO UNICA OPERACION);08;OPERACIONES EN EL INTESTINO DELGADO;61.5;30;80.25;1;125;11327.4;01,01,01,02
08.04.06;PLICATURA DE INTESTINO DELGADO (OPERACION DE NOBLE, OPE;08;OPERACIONES EN EL INTESTINO DELGADO;252.75;51;104.25;2;263;32223.5;01,01,01,02
08.04.07;Gastrostomia por fibroscopia;08;OPERACIONES EN EL INTESTINO DELGADO;;1;;1;;51.72;01
08.04.08;Vagotomia con o sin piloroplastia por videoscopia.;08;OPERACIONES EN EL INTESTINO DELGADO;;1;;1;;51.72;01
08.04.09;Cirugia gastrica por procesos benignos por videoscopia.;08;OPERACIONES EN EL INTESTINO DELGADO;;1;;1;;51.72;01
08.04.10;Cirugia gastrica de procesos malignos por;08;OPERACIONES EN EL INTESTINO DELGADO;;1;;1;;51.72;01
08.05.01;COLECTOMIA TOTAL (SIN RECTO) CON RESTITUCION DEL TRANSI;08;OPERACIONES EN EL COLON Y RECTO;531.75;106.5;186;2;361;57564.8;01,01,01,02
08.05.02;COLECTOMIA TOTAL (SIN RECTO) CON ILEOSTOMIA TEMPORARIA;08;OPERACIONES EN EL COLON Y RECTO;425.25;84.75;159.75;2;361;49806.8;01,01,01,02
08.05.03;HEMICOLECTOMIA (DERECHA O IZQUIERDA).;08;OPERACIONES EN EL COLON Y RECTO;372.75;74.25;132.75;2;233;39252.1;01,01,01,02
08.05.04;COLECTOMIA SEGMENTARIA (RESECCION SEGMENTARIA DE COLON,;08;OPERACIONES EN EL COLON Y RECTO;252.75;51;104.25;2;225;30218.7;01,01,01,02
08.05.05;RESECCION ANTERIOR (OPERACION DE DIXON O DE MAUNSEN).;08;OPERACIONES EN EL COLON Y RECTO;303;61.5;127.5;2;266;36066.9;01,01,01,02
08.05.06;OPERACIONES RADICALES PARA EL MEGACOLON (SIGMOIDEORECTA;08;OPERACIONES EN EL COLON Y RECTO;531.75;106.5;186;2;372;58145.2;01,01,01,02
08.05.07;CIRUJANO PERINEAL.;08;OPERACIONES EN EL COLON Y RECTO;178.5;34.5;;2;;12800.7;01,01,01,02
08.05.07;OPERACIONES RADICALES PARA EL MEGACOLON (SIGMOIDEORECTA;08;OPERACIONES EN EL COLON Y RECTO;345;69;186;2;372;44607.5;01,01,01,02
08.05.08;COLON PROTECTOMIA TOTAL (INCLUYE ILEOSTOMIA).;08;OPERACIONES EN EL COLON Y RECTO;797.25;159.75;239.25;2;266;71792.5;01,01,01,02
08.05.09;PROCTOSIGMOIDECTOMIA ABDOMINOPERINEAL (OPERACION DE MIL;08;OPERACIONES EN EL COLON Y RECTO;637.5;127.5;207.75;2;372;65786.8;01,01,01,02
08.05.10;CIRUJANO VIA PERINEAL.;08;OPERACIONES EN EL COLON Y RECTO;252.75;51;;1;;15710;01,01,01,02
08.05.10;PROCTOSIGMOIDECTOMIA ABDOMINOPERINEAL EFECTUADA POR DOS;08;OPERACIONES EN EL COLON Y RECTO;372.75;74.25;212.25;1;372;42745.6;01,01,01,02
08.05.11;PROTECTOMIA.;08;OPERACIONES EN EL COLON Y RECTO;252.75;51;104.25;1;268;29849.6;01,01,01,02
08.05.12;PROTECTOMIA CON PROSTATECTOMIA O COLPECTOMIA.;08;OPERACIONES EN EL COLON Y RECTO;303;61.5;127.5;2;318;38810.4;01,01,01,02
08.05.13;RECTOTOMIA, SIGMOIDOTOMIA (POR VIA ABDOMINAL) CON O SIN;08;OPERACIONES EN EL COLON Y RECTO;201.75;39.75;87;1;225;24361.4;01,01,01,02
08.05.14;PROCTOTOMIA CON DESCOMPRESION (ANO IMPERFORADO).;08;OPERACIONES EN EL COLON Y RECTO;101.25;30;80.25;1;179;16232.3;01,01,01,02
08.05.15;DESCENSO TRANSANAL (ATRESIA ANO RECTAL) POR VIA PERINEA;08;OPERACIONES EN EL COLON Y RECTO;252.75;51;127.5;1;266;29744.1;01,01,01,02
08.05.16;OPERACION PLASTICA EN MALFORMACIONES CONGENITAS ANORECT;08;OPERACIONES EN EL COLON Y RECTO;531.75;106.5;239.25;2;366;57828.6;01,01,01,02
08.05.17;CIRUJANO VIA PERINEAL.;08;OPERACIONES EN EL COLON Y RECTO;201.75;39.75;239.25;1;372;32117.1;01,01,01,02
08.05.17;OPERACIONES PLASTICAS EN MALFORMACIONES CONGENITAS ANOR;08;OPERACIONES EN EL COLON Y RECTO;425.25;84.75;239.25;1;372;46003.9;01,01,01,02
08.05.18;PROCTORRAFIA.;08;OPERACIONES EN EL COLON Y RECTO;201.75;39.75;87;2;220;26153.5;01,01,01,02
08.05.19;PROCTOPEXIA. PROLAPSO DE RECTO VIA ABDOMINAL (OPERACION;08;OPERACIONES EN EL COLON Y RECTO;252.75;51;104.25;2;225;30218.7;01,01,01,02
08.05.20;CONFECCION O CIERRE DE FISTULA RECTOVESICAL, RECTOURETR;08;OPERACIONES EN EL COLON Y RECTO;252.75;51;104.25;2;225;30218.7;01,01,01,02
08.05.21;COLOSTOMIA TEMPORARIA O DEFINITIVA (COMO UNICA INTERVEN;08;OPERACIONES EN EL COLON Y RECTO;228;45;104.25;1;178;23510.8;01,01,01,02
08.05.22;OPERACION PLASTICA EN COLOSTOMIA (COMO UNICA INTERVENCI;08;OPERACIONES EN EL COLON Y RECTO;61.5;30;80.25;1;125;11327.4;01,01,01,02
08.05.23;DRENAJE DE ABSCESSO PERIRRECTAL O DE ABSCESO DE DOUGLAS;08;OPERACIONES EN EL COLON Y RECTO;39.75;;;;89;6751.51;01,01,01,02
08.05.24;APENDICECTOMIA VLP;08;OPERACIONES EN EL COLON Y RECTO;1239.67;;;1;;12223.1;11
08.05.25;EXTRACCION INSTRUMENTAL DE FECALOMAS INACCESIBLES, CON;08;OPERACIONES EN EL COLON Y RECTO;119.25;;80.25;;49;8752.85;01,01,01,02
08.05.26;EXTRACCION MANUAL DE FECALOMA.;08;OPERACIONES EN EL COLON Y RECTO;39.75;;;;7;2425.19;01,01,01,02
08.05.40;APENDICECTOMIA VLP;08;OPERACIONES EN EL COLON Y RECTO;;1;;1;;51.72;01
08.06.01;ANOPLASTIA (ESTENOSIS) CON O SIN ESFINTEROTOMIA O ESFI;08;OPERACIONES EN EL ANO;80.25;30;80.25;1;120;12033.3;01,01,01,02
08.06.02;ANOPLASTIA POR ESTENOSIS CON DESLIZAMIENTO DE COLGAJOS;08;OPERACIONES EN EL ANO;201.75;39.75;87;1;120;18821.6;01,01,01,02
08.06.03;ESFINTEROPLASTIA TIPO PICKREL O SIMILAR. INCLUYE EVENTU;08;OPERACIONES EN EL ANO;372.75;74.25;132.75;2;222;38671.8;01,01,01,02
08.06.04;ESFINTEROPLASTIA TIPO PLICATURA O SIMILAR. ESFIN;08;OPERACIONES EN EL ANO;119.25;30;80.25;1;120;14050.4;01,01,01,02
08.06.05;CERCLAJE DE ANO.;08;OPERACIONES EN EL ANO;39.75;30;80.25;1;55;6509.27;01,01,01,02
08.06.06;HEMORROIDECTOMIA (CON O SIN FISURA ANAL).;08;OPERACIONES EN EL ANO;80.25;30;80.25;1;120;12033.3;01,01,01,02
08.06.07;TROMBECTOMIA, INFARTECTOMIA (TROMBOSIS HEMORRODARIA).;08;OPERACIONES EN EL ANO;21.75;;;;26;2496.67;01,01,01,02
08.06.08;TRATAMIENTO QUIRURGICO DEL PROLAPSO MUCOSO (OPERACION D;08;OPERACIONES EN EL ANO;101.25;30;80.25;1;120;13119.5;01,01,01,02
08.06.09;TRATAMIENTO DE LAS HEMORROIDES CON LIGADURA ELASTICA.;08;OPERACIONES EN EL ANO;39.75;;;;26;3427.63;01,01,01,02
08.06.10;TRATAMIENTO ESCLEROSANTE EN HEMORROIDES (POR SESION). M;08;OPERACIONES EN EL ANO;12.75;;;;7;1028.75;01,01,01,02
08.06.11;FISTULECTOMIA O FISTULOTOMIA (FISTULA DEL CANAL ANAL O;08;OPERACIONES EN EL ANO;101.25;30;80.25;1;120;13119.5;01,01,01,02
08.06.12;FISURECTOMIA, CRIPTECTOMIA O PAPILECTOMIA CON O SIN ESF;08;OPERACIONES EN EL ANO;39.75;30;80.25;1;57;6614.79;01,01,01,02
08.06.13;ESFINTEROTOMIA O ESFINTERECTOMIA (COMO UNICA OPERACION);08;OPERACIONES EN EL ANO;39.75;30;80.25;1;57;6614.79;01,01,01,02
08.06.14;ESCISION DE LESION DE PIEL PERIANAL (CUERPOS CUTANANEOS;08;OPERACIONES EN EL ANO;21.75;;;;26;2496.67;01,01,01,02
08.06.15;FULGURACION RADICAL DE CONDILOMAS ACUMINADOS VOLUMINOSO;08;OPERACIONES EN EL ANO;26.25;;;;45;3731.85;01,01,01,02
08.06.16;INCISION Y DRENAJE DE ABSCESO PERIANAL.;08;OPERACIONES EN EL ANO;30;;;;45;3925.8;01,01,01,02
08.06.17;TRATAMIENTO RADICAL DEL ABSCESO PERIANAL CON RESECCION;08;OPERACIONES EN EL ANO;61.5;30;80.25;1;120;11063.6;01,01,01,02
08.06.18;Tratamiento de lesiones rectoanales con ultrasonido;08;OPERACIONES EN EL ANO;;1;;1;;51.72;01
08.07.01;LOBECTOMIA HEPATICA.;08;OPERACIONES EN EL HIGADO;797.25;159;239.25;2;366;76990.9;01,01,01,02
08.07.02;SEGMENTECTOMIA HEPATICA.;08;OPERACIONES EN EL HIGADO;478.5;95.25;186;2;318;51378.4;01,01,01,02
08.07.03;HEPATECTOMIA PARCIAL. ESCISION RADICAL DE LESION DE HIG;08;OPERACIONES EN EL HIGADO;303;61.5;127.5;2;268;36172.4;01,01,01,02
08.07.04;HEPATOSOTOMIA (MARSUPIALIZACION DE QUISTES: HIDATIDICOS;08;OPERACIONES EN EL HIGADO;252.75;51;104.25;2;225;30218.7;01,01,01,02
08.07.05;SUTURA DE HIGADO (POR TRAUMATISMO, HERIDA, DESGARRO, ET;08;OPERACIONES EN EL HIGADO;201.75;39.75;87;2;223;26311.7;01,01,01,02
08.07.06;BIOPSIA DE HIGADO POR LAPARATOMIA.;08;OPERACIONES EN EL HIGADO;178.5;34.5;80.25;1;220;22623.6;01,01,01,02
08.07.07;PUNCION DE HIGADO (PERCUTANEA).;08;OPERACIONES EN EL HIGADO;39.75;;;;45;4430.07;01,01,01,02
08.07.08;COLECISTOSTOMIA.;08;OPERACIONES EN EL HIGADO;201.75;39.75;87;2;220;26153.5;01,01,01,02
08.07.09;COLECISTECTOMIA VLP SIMPLE;08;OPERACIONES EN EL HIGADO;2090.91;;;2;;20616.4;11
08.07.10;SECCION DE AMPOLLA DE VATER, TRANSDUODENAL. PAPILOTOMIA;08;OPERACIONES EN EL HIGADO;372.75;74.25;132.75;2;356;45741.6;01,01,01,02
08.07.11;COLEDOCOTOMIA (COMO UNICO TRATAMIENTO).;08;OPERACIONES EN EL HIGADO;279;55.5;127.5;2;271;34468.8;01,01,01,02
08.07.12;ANASTOMOSIS BILIODIGESTIVAS SIMPLES (COLECISTOYEYUNOSTO;08;OPERACIONES EN EL HIGADO;372.75;74.25;132.75;2;356;45741.6;01,01,01,02
08.07.13;ANASTOMOSIS BILIODIGESTIVAS COMPLEJAS (HEPATOYEYUNOSTOM;08;OPERACIONES EN EL HIGADO;531.75;106.5;186;2;367;57881.4;01,01,01,02
08.07.14;OPERACIONES REPARADORAS DE LA VIA BILIAR POR LESION QUI;08;OPERACIONES EN EL HIGADO;1400;;;;;13804;11
08.07.15;EXTRACCION INSTRUMENTAL COMPLETA DE CALCULOS COLEDOCIAN;08;OPERACIONES EN EL HIGADO;201.75;;;;26;11806.3;01,01,01,02,32
08.07.18;Biopsia de higado por videolaparoscopia;08;OPERACIONES EN EL HIGADO;;1;;1;;51.72;01
08.07.20;Dilatacion de via biliar percutanea;08;OPERACIONES EN EL HIGADO;;1;;1;;51.72;01
08.07.22;CVolangiopancreatectografia retrograda endoscopica;08;OPERACIONES EN EL HIGADO;;1;;1;;9.86;11
08.07.23;Papilotomia y esfinterotomia endoscopica con;08;OPERACIONES EN EL HIGADO;;1;;1;;51.72;01
08.08.01;DUODENOPANCREATECTOMIA.;08;OPERACIONES EN EL PANCREAS;797.25;159.75;239.25;2;366;77068.5;01,01,01,02
08.08.02;ANASTOMOSIS PANCREATICODIGESTIVAS (PANCREATICOGASTROTOM;08;OPERACIONES EN EL PANCREAS;425.25;84.75;159.75;2;273;45163.9;01,01,01,02
08.08.03;ESCISION LOCAL DE LESION DE PANCREAS (ADENOMA-SECUESTRE;08;OPERACIONES EN EL PANCREAS;303;61.5;127.5;2;271;36330.7;01,01,01,02
08.08.04;ESCISION CORPOROCAUDAL. ESPLENOPANCREATECTOMIA CORPOROC;08;OPERACIONES EN EL PANCREAS;425.25;84.75;159.75;2;271;45058.4;01,01,01,02
08.08.05;SUTURA DE PANCREAS (HERIDA - TRAUMATISMO). BIOPSIA DE P;08;OPERACIONES EN EL PANCREAS;201.75;39.75;87;2;223;26311.7;01,01,01,02
08.09.01;ESPLENECTOMIA (COMO UNICA INTERVENCION).;08;OPERACIONES EN EL BAZO;303;61.5;127.5;2;228;34062;01,01,01,02
08.09.02;PUNCION ESPLENICA PERCUTANEA, ESPLENO-PORTOGRAFIA.;08;OPERACIONES EN EL BAZO;39.75;;;;45;4430.07;01,01,01,02
08.10.01;Transplante hepatico ( parcial) de donante vivo;08;OPERACIONES EN EL BAZO;;1;;1;;51.72;01
08.10.02;Transplante hepatico (parcial) de donante cadaverico;08;OPERACIONES EN EL BAZO;;0.01;;1;;0.52;01
08.10.03;Transplante hepatico total;08;OPERACIONES EN EL BAZO;;1;;1;;51.72;01
08.50.00;Mod. hon. quirúrgico;08;OPERACIONES EN EL BAZO;5000;;;;;26050;38
08.70.06;Biopsia hepática videolaparoscópica;08;OPERACIONES EN EL BAZO;800;;;;;7888;11
09.01.01;LINFADENECTOMIA CERVICAL, AXILAR O INGUINAL RADICAL, UN;09;OPERACIONES EN LOS VASOS Y GANGLIOS LINFATICOS;228;45;104.25;2;223;28212.4;01,01,01,02
09.01.02;LINFADENECTOMIA CERVICAL, AXILAR O INGUINAL RADICAL, BI;09;OPERACIONES EN LOS VASOS Y GANGLIOS LINFATICOS;372.75;74.25;132.75;2;228;38988.3;01,01,01,02
09.01.03;ESCISION DE LESION DE CONDUCTOS LINFATICOS (LINFANGIOMA;09;OPERACIONES EN LOS VASOS Y GANGLIOS LINFATICOS;303;61.5;127.5;2;220;33639.9;01,01,01,02
09.01.04;DRENAJE DE SENO LINFATICO - DERIVACION.;09;OPERACIONES EN LOS VASOS Y GANGLIOS LINFATICOS;252.75;51;104.25;2;223;30113.2;01,01,01,02
09.01.05;LINFADENECTOMIA - BIOPSIA DE GANGLIO LINFATICO.;09;OPERACIONES EN LOS VASOS Y GANGLIOS LINFATICOS;39.75;30;;1;45;5981.67;01,01,01,02
09.01.06;LINFADENECTOMIA.;09;OPERACIONES EN LOS VASOS Y GANGLIOS LINFATICOS;12.75;;;;45;3033.63;01,01,01,02
09.01.07;BIOPSIA DE GANGLIO LINFATICO POR PUNCION.;09;OPERACIONES EN LOS VASOS Y GANGLIOS LINFATICOS;;;;;26;1371.76;01,01,01,02
09.01.08;DISECCION QUIRURGICA PARA LINFOADENOGRAFIA (LINFOCLISIS;09;OPERACIONES EN LOS VASOS Y GANGLIOS LINFATICOS;61.5;30;;1;89;9428.02;01,01,01,02
10.01.01;NEFRECTOMIA TOTAL, CUALQUIERA FUERA LA VIA UTILIZADA.;10;OPERACIONES EN EL RIÑON Y URETER;303;61.5;127.5;2;271;36330.7;01,01,01,02,01
10.01.02;NEFRECTOMIA PARCIAL.;10;OPERACIONES EN EL RIÑON Y URETER;372.75;74.25;132.75;2;271;41257;01,01,01,02,01
10.01.03;NEFROURETERECTOMIA TOTAL CON CISTECTOMIA PARCIAL.;10;OPERACIONES EN EL RIÑON Y URETER;425.25;84.75;159.75;2;356;49543;01,01,01,02,01
10.01.04;NEFROTOMIA, NEFROSTOMIA, NEFROPEXIA.;10;OPERACIONES EN EL RIÑON Y URETER;201.75;39.75;87;2;226;26470;01,01,01,02,01
10.01.05;CIRUGIA VASCULORRENAL (ANEURISMA, FISTULA, BY-PASS ESTE;10;OPERACIONES EN EL RIÑON Y URETER;425.25;84.75;159.75;2;276;45322.2;01,01,01,02
10.01.06;TRANSPLANTE RENAL (CON AUTORIZACION ESPECIAL DE LA OBRA;10;OPERACIONES EN EL RIÑON Y URETER;23912.2;;;;4500;1.47416e+06;01,01,01,02
10.01.07;LUMBOTOMIAS (EXPLORADORA, DRENAJE PERIRRENAL, BIOPSIA A;10;OPERACIONES EN EL RIÑON Y URETER;201.75;39.75;87;1;179;21934.4;01,01,01,02,01,01
10.01.08;TRATAMIENTO QUIRURGICO DE LA FISTULA LUMBAR CON RIÑON F;10;OPERACIONES EN EL RIÑON Y URETER;303;61.5;127.5;2;179;31476.8;01,01,01,02
10.01.09;BIOPSIA RENAL PERCUTANEA. PIELOGRAFIA PERCUTANEA.;10;OPERACIONES EN EL RIÑON Y URETER;39.75;;;;50;4693.87;01,01,01,02,01
10.01.10;PLASTIA DE LA UNION URETEROPIELICA. PIELOPLASTIA. PLAST;10;OPERACIONES EN EL RIÑON Y URETER;303;61.5;127.5;2;312;38493.8;01,01,01,02,01
10.01.11;DERIVACIONES URETERALES A : INTESTINO IN SITU (URETERO;10;OPERACIONES EN EL RIÑON Y URETER;252.75;51;104.25;2;312;34808.8;01,01,01,02
10.01.12;DERIVACIONES URETERALES A: PORCIONES INTESTINALES AISLA;10;OPERACIONES EN EL RIÑON Y URETER;425.25;84.75;159.75;2;362;49859.6;01,01,01,02
10.01.13;URETERECTOMIA PARCIAL.;10;OPERACIONES EN EL RIÑON Y URETER;228;45;104.25;2;222;28159.7;01,01,01,02
10.01.14;PIELOTOMIA. PIELOLITOTOMIA .URETEROTOMIA. URETEROSTOMIA;10;OPERACIONES EN EL RIÑON Y URETER;201.75;39.75;87;2;225;26417.2;01,01,01,02
10.01.15;EXTRACCION DE CALCULOS URETERALES O CUERPO EXTRAÑO POR;10;OPERACIONES EN EL RIÑON Y URETER;119.25;;80.25;;118;12393.3;01,01,01,02
10.01.16;TRATAMIENTO QUIRURGICO DE LA FISTULA URETEROINTESTINAL;10;OPERACIONES EN EL RIÑON Y URETER;303;61.5;127.5;2;225;33903.7;01,01,01,02
10.01.17;Nefrostomia percutanea con o sin nefroscopia;10;OPERACIONES EN EL RIÑON Y URETER;;0.01;;1;;0.52;01,01,01
10.01.18;Colocacion de pigtail o doble J endoscopico;10;OPERACIONES EN EL RIÑON Y URETER;;1;;1;;51.72;01,01,32
10.01.20;Retroperitoneooscopia;10;OPERACIONES EN EL RIÑON Y URETER;;1;;1;;51.72;01
10.01.21;Plastia union ureteropielica laparoscopica;10;OPERACIONES EN EL RIÑON Y URETER;;1;;1;;51.72;01
10.01.22;Nefrolitotomia percutanea;10;OPERACIONES EN EL RIÑON Y URETER;;1;;1;;51.72;01
10.01.23;Ureterolitotomia laparoscopica con pinza o dormia;10;OPERACIONES EN EL RIÑON Y URETER;;1;;1;;51.72;01
10.01.24;Ureterorrenoscopia con litotomia, litotricia y ectomia;10;OPERACIONES EN EL RIÑON Y URETER;;1;;1;;51.72;01
10.01.25;Litotricia extracorporea renal y/o ureteral;10;OPERACIONES EN EL RIÑON Y URETER;;1;;1;;51.72;01
10.02.01;CISTECTOMIA TOTAL CON DERIVACION URETERAL A ASA INTESTI;10;OPERACIONES EN LA VEJIGA;637.5;127.5;212.25;2;366;65470.3;01,01,01,02
10.02.02;CISTECTOMIA TOTAL CON DERIVACION URETRAL A INTESTINO IN;10;OPERACIONES EN LA VEJIGA;531.75;106.5;186;2;271;52816.4;01,01,01,02,01,01,01,01
10.02.03;CISTECTOMIA PARCIAL (DIVERTICULECTOMIA-RESECCION DEL CU;10;OPERACIONES EN LA VEJIGA;252.75;51;104.25;2;268;32487.3;01,01,01,02
10.02.04;CISTOPLASTIA (COLON O ILIOCISTOPLASTIA, AGRANDAMIENTO V;10;OPERACIONES EN LA VEJIGA;531.75;106.5;186;2;268;52658.2;01,01,01,02
10.02.05;CISTOPLASTIA PARA LA EXTROFIA VESICAL.;10;OPERACIONES EN LA VEJIGA;372.75;74.25;132.75;2;271;41257;01,01,01,02
10.02.06;TRATAMIENTO QUIRURGICO DE LA FISTULA VESICOINTESTINAL C;10;OPERACIONES EN LA VEJIGA;303;61.5;127.5;1;228;30881.2;01,01,01,02
10.02.07;TRATAMIENTO QUIRURGICO DE LA FISTULA VESICOCUTANEA.;10;OPERACIONES EN LA VEJIGA;201.75;39.75;87;1;228;24519.7;01,01,01,02
10.02.08;CISTOTOMIA CIELO ABIERTO (CUERPO EXTRAÑO - LITIASIS - D;10;OPERACIONES EN LA VEJIGA;119.25;30;80.25;1;122;14155.9;01,01,01,02
10.02.09;CISTOTOMIA POR PUNCION CON TROCAR. PUNCION EVACUADORA V;10;OPERACIONES EN LA VEJIGA;;;;;7;369.32;01,01,01,02,01
10.02.10;RESECCION ENDOSCOPICA DE CUELLO VESICAL, TUMORES VESICA;10;OPERACIONES EN LA VEJIGA;119.25;;80.25;;120;12498.8;01,01,01,02,01,01
10.02.11;TRATAMIENTO DE LA INCONTINENCIA DE ORINA EN LA MUJER PO;10;OPERACIONES EN LA VEJIGA;101.25;30;80.25;2;120;14671;01,01,01,02
10.02.12;TRATAMIENTO DE LA INCONTINENCIA DE ORINA (VIA ABDOMINAL;10;OPERACIONES EN LA VEJIGA;201.75;39.75;87;2;179;23990.3;01,01,01,02
10.02.13;TRATAMIENTO DE LA INCONTINENCIA DE ORINA EN LA MUJER PO;10;OPERACIONES EN LA VEJIGA;252.75;51;104.25;2;220;29954.9;01,01,01,02,01,01,01,01,01,01
10.03.01;EPISPADIAS O HIPOSPADIAS, POR TIEMPO OPERATORIO.;10;OPERACIONES EN LA URETRA;101.25;30;80.25;1;220;18395.5;01,01,01,02
10.03.02;URETROPLASTIA: POR TRAUMATISMO, CORRECCION DE FISTULA U;10;OPERACIONES EN LA URETRA;201.75;39.75;87;1;228;24519.7;01,01,01,02,01,01
10.03.03;URETROMIA EXTERNA (DERIVATIVA, POR EXTRACCION DE CALCUL;10;OPERACIONES EN LA URETRA;61.5;30;80.25;1;117;10905.3;01,01,01,02,01
10.03.04;URETRORRAFIA POR DESGARRO, HERIDA, ETC.;10;OPERACIONES EN LA URETRA;80.25;30;80.25;1;222;17414.8;01,01,01,02
10.03.05;MEATOTOMIA.;10;OPERACIONES EN LA URETRA;12.75;;;;26;2031.19;01,01,01,02
10.03.06;ELECTROCOAGULACION O RESECCION ENDOSCOPICA DE TUMORES U;10;OPERACIONES EN LA URETRA;61.5;;80.25;;117;9353.7;01,01,01,02
10.04.01;PROSTATECTOMIA RADICAL.;10;OPERACIONES EN LA PROSTATA Y VESICULAS SEMINALES;372.75;74.25;132.75;2;323;44000.5;01,01,01,02
10.04.02;ADENOMECTOMIA DE PROSTATA CON O SIN VASECTOMIA BILATERA;10;OPERACIONES EN LA PROSTATA Y VESICULAS SEMINALES;303;61.5;127.5;2;266;36066.9;01,01,01,02,01
10.04.03;RESECCION DE FIBROSIS Y CICATRICES DEL CUELLO DE LA VEJ;10;OPERACIONES EN LA PROSTATA Y VESICULAS SEMINALES;201.75;39.75;104.25;2;179;23990.3;01,01,01,02
10.04.04;RESECCION ENDOSCOPICA (TRANSURETRAL) DE PROSTATA. RESEC;10;OPERACIONES EN LA PROSTATA Y VESICULAS SEMINALES;201.75;;87;;268;24574.2;01,01,01,02,01
10.04.05;VESICULECTOMIA (COMO UNICA OPERACION) UNI O BILATERAL.;10;OPERACIONES EN LA PROSTATA Y VESICULAS SEMINALES;201.75;39.75;87;2;220;26153.5;01,01,01,02
10.04.06;PROSTATOMIA. DRENAJE.;10;OPERACIONES EN LA PROSTATA Y VESICULAS SEMINALES;61.5;;80.25;;179;12624.8;01,01,01,02
10.04.07;BIOPSIA PROSTATICA POR PUNCION.;10;OPERACIONES EN LA PROSTATA Y VESICULAS SEMINALES;12.75;;;;18;1609.11;01,01,01,02
10.04.10;Electrovaporización prostática;10;OPERACIONES EN LA PROSTATA Y VESICULAS SEMINALES;1980;;;;;16236;30
10.05.01;ORQUIDECTOMIA UNILATERAL COMPLETA CON VACIAMIENTO GANGL;10;OPERACIONES EN TESTICULO, VAGINAL, CORDON ESPERMATICO Y;531.75;106.5;186;2;268;52658.2;01,01,01,02
10.05.02;ORQUIDECTOMIA SUB-ALBUGINEA BILATERAL.;10;OPERACIONES EN TESTICULO, VAGINAL, CORDON ESPERMATICO Y;101.25;30;80.25;1;179;16232.3;01,01,01,02
10.05.03;ORQUIDECTOMIA UNILATERAL.;10;OPERACIONES EN TESTICULO, VAGINAL, CORDON ESPERMATICO Y;61.5;30;80.25;1;121;11116.3;01,01,01,02
10.05.04;ORQUIDOPEXIA UNILATERAL (CUALQUIERA FUERA LA TECNICA EM;10;OPERACIONES EN TESTICULO, VAGINAL, CORDON ESPERMATICO Y;201.75;39.75;87;1;179;21934.4;01,01,01,02
10.05.05;ORQUIDOPEXIA BILATERAL CON O SIN TRATAMIENTO DE HERNIA;10;OPERACIONES EN TESTICULO, VAGINAL, CORDON ESPERMATICO Y;303;61.5;127.5;1;220;30459.1;01,01,01,02
10.05.06;TRATAMIENTO QUIRURGICO DEL HIDROCELE, VARICOCELE, TORSI;10;OPERACIONES EN TESTICULO, VAGINAL, CORDON ESPERMATICO Y;80.25;30;80.25;1;120;12033.3;01,01,01,02,01,01,01,01
10.05.07;BIOPSIA DE TESTICULO.;10;OPERACIONES EN TESTICULO, VAGINAL, CORDON ESPERMATICO Y;39.75;30;80.25;1;120;9938.67;01,01,01,02
10.05.08;ESCROTOPLASTIA.;10;OPERACIONES EN TESTICULO, VAGINAL, CORDON ESPERMATICO Y;101.25;30;80.25;1;121;13172.2;01,01,01,02
10.05.09;DRENAJE DE ABSCESO TESTICULAR, ESCISION DE LESION LOCAL;10;OPERACIONES EN TESTICULO, VAGINAL, CORDON ESPERMATICO Y;21.75;;;;26;2496.67;01,01,01,02
10.05.10;PUNCION DE DERRAME ESCROTAL.;10;OPERACIONES EN TESTICULO, VAGINAL, CORDON ESPERMATICO Y;9;;;;26;1837.24;01,01,01,02
10.06.01;EPIDIDIMECTOMIA BILATERAL.;10;OPERACIONES EN EL EPIDIDIMO Y EN EL CONDUCTO DEFERENTE;178.5;34.5;80.25;1;124;17558.6;01,01,01,02
10.06.02;EPIDIDIMECTOMIA UNILATERAL.;10;OPERACIONES EN EL EPIDIDIMO Y EN EL CONDUCTO DEFERENTE;101.25;30;80.25;1;119;13066.7;01,01,01,02,01
10.06.03;EPIDIDIMOVASOSTOMIA, ANASTOMOSIS DE CONDUCTO DEFERENTE.;10;OPERACIONES EN EL EPIDIDIMO Y EN EL CONDUCTO DEFERENTE;101.25;30;80.25;1;178;16179.5;01,01,01,02
10.06.04;EPIDIDIMOTOMIA Y DRENAJE.;10;OPERACIONES EN EL EPIDIDIMO Y EN EL CONDUCTO DEFERENTE;21.75;;;;26;2496.67;01,01,01,02
10.06.05;ANASTOMOSIS DEL CONDUCTO DEFERENTE.;10;OPERACIONES EN EL EPIDIDIMO Y EN EL CONDUCTO DEFERENTE;80.25;30;80.25;1;120;12033.3;01,01,01,02
10.06.06;BIOPSIA DEL EPIDIDIMO.;10;OPERACIONES EN EL EPIDIDIMO Y EN EL CONDUCTO DEFERENTE;39.75;30;80.25;1;46;6034.43;01,01,01,02
10.06.07;VASECTOMIA, LIGADURA DE CONDUCTO DEFERENTE, UNI O BILAT;10;OPERACIONES EN EL EPIDIDIMO Y EN EL CONDUCTO DEFERENTE;1100;;;;;9020;30
10.07.01;AMPUTACION RADICAL O PARCIAL DE PENE CON VACIAMIENTO GA;10;OPERACIONES EN EL PENE;303;61.5;127.5;2;361;41079.1;01,01,01,02
10.07.02;AMPUTACION COMPLETA O PARCIAL DE PENE.;10;OPERACIONES EN EL PENE;119.25;30;80.25;1;223;19484.7;01,01,01,02
10.07.03;OPERACION PLASTICA DEL PENE (POR TIEMPO OPERATORIO).;10;OPERACIONES EN EL PENE;80.25;30;80.25;1;124;12244.4;01,01,01,02
10.07.04;ESCISION TOTAL DE LESION DE PENE.;10;OPERACIONES EN EL PENE;39.75;30;80.25;1;120;9938.67;01,01,01,02,01
10.07.05;BIOPSIA DE PENE.;10;OPERACIONES EN EL PENE;21.75;;;;26;2496.67;01,01,01,02,01
10.07.06;CAVERNOSTOMIA. PUNCION DE CUERPOS CAVERNOSOS.;10;OPERACIONES EN EL PENE;39.75;;;;26;3427.63;01,01,01,02
10.07.07;RESECCION DE ESCLEROSIS EN CUERPOS CAVERNOSOS.;10;OPERACIONES EN EL PENE;119.25;30;80.25;1;46;10146.2;01,01,01,02
10.07.08;SHUNT CAVERNO-ESPONJOSO O CAVERNO-SAFENO.;10;OPERACIONES EN EL PENE;201.75;39.75;87;2;124;21088.5;01,01,01,02
10.07.09;POSTIOPLASTIA (FIMOSIS) INCLUYE FRENULOTOMIA. ESCISION;10;OPERACIONES EN EL PENE;80.25;30;80.25;1;118;11927.8;01,01,01,02,01,01
10.07.10;CIRCUNCISION.;10;OPERACIONES EN EL PENE;39.75;30;80.25;1;74;7511.71;01,01,01,02
10.07.11;INCISION DORSAL O LATERAL DEL PREPUCIO. FRENULOTOMIA.;10;OPERACIONES EN EL PENE;21.75;;;;45;3499.11;01,01,01,02
10.10.10;Plastia union ureteropielica. (idem cod. 10.01.10);10;OPERACIONES EN EL PENE;;1;;1;;51.72;01
10.11.01;Colocacion de stent ureteral;10;OPERACIONES EN EL PENE;;1;;1;;51.72;01
10.11.02;tratamiento endoscopico de lesiones de prostata y;10;OPERACIONES EN EL PENE;;1;;1;;51.72;01
10.24.00;ESWL 1: Litotricia extracorporea con ondas de choque;10;OPERACIONES EN EL PENE;2395;;;;;23614.7;11
10.90.01;RTU de prostata;10;OPERACIONES EN EL PENE;1980;;;;;16236;30
10.90.02;RTU de vejiga;10;OPERACIONES EN EL PENE;1980;;;;;16236;30
10.90.03;RTU de Uretra;10;OPERACIONES EN EL PENE;1980;;;;;16236;30
11.01.01;VLP ginecologica diagnostica simple en hab.compartida;11;OPERACIONES EN OVARIO Y TROMPAS DE FALOPIO;1388.43;;;;;13689.9;11
11.01.02;CULDOSCOPIA O LAPARASCOPIA CON LUZ FRIA (CELIOSCOPIA CO;11;OPERACIONES EN OVARIO Y TROMPAS DE FALOPIO;80.25;;;;142;11642.5;01,01,01,02
11.01.03;CELIOSCOPIA, CULDOSCOPIA O LAPARASCOPIA CONVENCIONAL CO;11;OPERACIONES EN OVARIO Y TROMPAS DE FALOPIO;61.5;;80.25;;74;7085.02;01,01,01,02
11.01.04;LIGADURA DE TROMPAS (COMO UNICA OPERACION).;11;OPERACIONES EN OVARIO Y TROMPAS DE FALOPIO;101.25;30;80.25;1;179;16232.3;01,01,01,02,01
11.01.05;MICROCIRUGIA PARA EL TRATAMIENTO DE LA ESTERILIDAD UNI;11;OPERACIONES EN OVARIO Y TROMPAS DE FALOPIO;372.75;74.25;132.75;1;366;42429;01,01,01,02
11.01.06;Colecistectomia VLP;11;OPERACIONES EN OVARIO Y TROMPAS DE FALOPIO;;1;;1;;51.72;01
11.02.01;HISTERECTOMIA RADICAL; COLPOANEXOHISTERECTOMIA TOTAL AM;11;OPERACIONES EN EL UTERO;425.25;84.75;159.75;2;366;50070.6;01,01,01,02
11.02.02;EXENTERACION PELVIANA.- OPERACION DE BRUSGWIG TOTAL, AN;11;OPERACIONES EN EL UTERO;478.5;95.25;186;2;366;53910.8;01,01,01,02
11.02.03;HISTERECTOMIA CON O SIN ANEXECTOMIA, POR VIA ABDOMINAL;11;OPERACIONES EN EL UTERO;201.75;39.75;87;2;271;28844.2;01,01,01,02
11.02.04;MIOMECTOMIA UTERINA ABDOMINAL (COMO UNICA OPERACION).;11;OPERACIONES EN EL UTERO;201.75;39.75;87;1;223;24255.9;01,01,01,02
11.02.05;MIOMECTOMIA VAGINAL (MIOMA-NACENS).;11;OPERACIONES EN EL UTERO;61.5;30;80.25;1;122;11169.1;01,01,01,02
11.02.06;MIOMECTOMIA VAGINAL POR HISTEROTOMIA, CON LIBERACION DE;11;OPERACIONES EN EL UTERO;178.5;34.5;80.25;1;179;20460.4;01,01,01,02
11.02.07;HISTERORRAFIA (FUERA DEL PARTO).;11;OPERACIONES EN EL UTERO;201.75;39.75;87;1;222;24203.1;01,01,01,02
11.02.08;OPERACION CORRECTORA DE LOS VICIOS DE CONFORMACION DEL;11;OPERACIONES EN EL UTERO;201.75;39.75;87;2;228;26575.5;01,01,01,02
11.02.09;CORRECCION QUIRURGICA DE INVERSION UTERINA POR VIA ABDO;11;OPERACIONES EN EL UTERO;178.5;34.5;80.25;2;178;22192;01,01,01,02
11.02.10;RASPADO UTERINO TERAPEUTICO.;11;OPERACIONES EN EL UTERO;39.75;;80.25;;122;8492.59;01,01,01,02
11.02.11;RASPADO UTERINO DIAGNOSTICO, CON O SIN BIOPSIA DE CUELL;11;OPERACIONES EN EL UTERO;12.75;;80.25;;122;7096.15;01,01,01,02
11.02.12;AMPUTACION DE CUELLO (TRAQUELECTOMIA). TRAQUEOPLASTIA (;11;OPERACIONES EN EL UTERO;101.25;30;80.25;1;122;13225;01,01,01,02
11.02.13;CONIZACION DE CUELLO (COMO UNICA PRACTICA).;11;OPERACIONES EN EL UTERO;101.25;30;80.25;1;122;13225;01,01,01,02
11.02.14;TRAQUELORRAFIA (FUERA DEL PARTO). CERCLAJE DE CUELLO UT;11;OPERACIONES EN EL UTERO;61.5;30;80.25;1;68;8320.06;01,01,01,02
11.02.15;ESCISION LOCAL DE LESION DE CUELLO (POLIPO). ELECTROCOA;11;OPERACIONES EN EL UTERO;21.75;;;;26;2496.67;01,01,01,02
11.02.16;APLICACION DE RADIUM EXTRA O INTRAUTERINO - POR APLICAC;11;OPERACIONES EN EL UTERO;21.75;;;;89;5820.55;01,01,01,02
11.02.17;COLOCACION DE DISPOSITIVO INTRAUTERINO, (INCLUYE EL DIS;11;OPERACIONES EN EL UTERO;450;;;;;3690;30
11.02.17;colocacion de dispositivo intrauterino (incluye dispos);11;OPERACIONES EN EL UTERO;544.5;;;;;4464.9;30
11.02.19;Conizacion con ASA leep;11;OPERACIONES EN EL UTERO;1080;;;;;8856;30
11.02.20;Biopsia con ASA LEEP;11;OPERACIONES EN EL UTERO;740;;;;;6068;30
11.03.01;TRATAMIENTO QUIRURGICO DE LA AGENESIA VAGINAL POR PROCE;11;OPERACIONES EN VAGINA, VULVA Y PERINE;425.25;84.75;212.25;2;235;43159.1;01,01,01,02
11.03.02;TRATAMIENTO QUIRURGICO DE LA AGENESIA VAGINAL POR PROCE;11;OPERACIONES EN VAGINA, VULVA Y PERINE;303;61.5;127.5;2;235;34431.3;01,01,01,02
11.03.03;COLPORRAFIA ANTERIOR Y/O POSTERIOR, CON O SIN AMPUTACIO;11;OPERACIONES EN VAGINA, VULVA Y PERINE;201.75;39.75;87;2;223;26311.7;01,01,01,02
11.03.04;COLPORRAFIA POR HERIDA, DESGARRO, ETC. (FUERA DEL PARTO;11;OPERACIONES EN VAGINA, VULVA Y PERINE;80.25;30;80.25;1;178;15093.4;01,01,01,02
11.03.05;COLPORRAFIA POSTERIOR CON RECONSTRUCCION DEL ESFINTER A;11;OPERACIONES EN VAGINA, VULVA Y PERINE;201.75;39.75;87;2;223;26311.7;01,01,01,02
11.03.06;COLPOPEXIA POR VIA ABDOMINAL.;11;OPERACIONES EN VAGINA, VULVA Y PERINE;178.5;34.5;80.25;1;180;20513.2;01,01,01,02
11.03.07;COLPOPEXIA COMBINADA (POR VIA ABDOMINAL Y VAGINAL).;11;OPERACIONES EN VAGINA, VULVA Y PERINE;201.75;39.75;87;2;183;24201.3;01,01,01,02
11.03.08;COLPOCLEISIS COMPLETA O PARCIAL.;11;OPERACIONES EN VAGINA, VULVA Y PERINE;119.25;30;80.25;1;178;17110.5;01,01,01,02
11.03.09;COLPOTOMIA; VAGINOTOMIA DE DRENAJE (ABSCESO PELVIANO).;11;OPERACIONES EN VAGINA, VULVA Y PERINE;39.75;;;;89;6751.51;01,01,01,02
11.03.10;VAGINISMO (OPERACION DE POZZI). RESECCION DE TABIQUE VA;11;OPERACIONES EN VAGINA, VULVA Y PERINE;61.5;30;80.25;1;73;8583.86;01,01,01,02
11.03.11;BIOPSIA DE VAGINA. PUNCION DE VAGINA, (DIAGNOSTICA EXPL;11;OPERACIONES EN VAGINA, VULVA Y PERINE;12.75;;;;26;2031.19;01,01,01,02
11.03.12;VULVECTOMIA RADICAL (INCLUYE VACIAMIENTO GANGLIOS LINFA;11;OPERACIONES EN VAGINA, VULVA Y PERINE;372.75;74.25;132.75;2;286;42048.4;01,01,01,02
11.03.13;VULVECTOMIA SIMPLE.;11;OPERACIONES EN VAGINA, VULVA Y PERINE;178.5;34.5;80.25;1;180;20513.2;01,01,01,02
11.03.14;ESCISION DE LABIOS MAYORES, LABIOS MENORES, DE GLANDULA;11;OPERACIONES EN VAGINA, VULVA Y PERINE;39.75;30;80.25;1;73;7458.95;01,01,01,02
11.03.15;HIMENOTOMIA. INCISION Y DRENAJE DE VULVA, GLANDULA DE B;11;OPERACIONES EN VAGINA, VULVA Y PERINE;12.75;;;;89;5355.07;01,01,01,02
11.03.16;EPISIORRAFIA, PERINEORRAFIA O EPISIOPERINEORRAFIA (FUER;11;OPERACIONES EN VAGINA, VULVA Y PERINE;39.75;30;80.25;1;122;10044.2;01,01,01,02
11.03.17;PERINEOPLASTIA, EPISIOPERINEOPLASTIA.;11;OPERACIONES EN VAGINA, VULVA Y PERINE;80.25;30;80.25;1;122;12138.9;01,01,01,02
11.03.18;Ablacion de lesiones de valvula y vagina con laser;11;OPERACIONES EN VAGINA, VULVA Y PERINE;;0.1;;1;;5.17;01
11.03.19;Ablacion de lesiones de cuello con criocirugia;11;OPERACIONES EN VAGINA, VULVA Y PERINE;;1;;1;;51.72;01
11.04.01;PARTO.;11;OPERACIONES OBSTETRICAS                     PAR;228;;;;166;20550.3;01,01,01,02
11.04.02;EVACUACION UTERINA EN EL SEGUNDO TRIMESTRE DEL EMBARAZO;11;OPERACIONES OBSTETRICAS                     PAR;119.25;;;;89;10863.2;01,01,01,02
11.04.03;OPERACION CESAREA CLASICA, EXTRAPERITONEAL, VAGINAL.;11;OPERACIONES OBSTETRICAS                     PAR;228;45;87;1;166;22877.7;01,01,01,02
11.04.04;ATENCION DEL ALUMBRAMIENTO O PUERPERIO Y/O SUS COMPLICA;11;OPERACIONES OBSTETRICAS                     PAR;39.75;;;;26;3427.63;01,01,01,02
11.04.05;AMMIOCENTESIS TRANSABDOMINAL O VIA VAGINAL.;11;OPERACIONES OBSTETRICAS                     PAR;39.75;;;;16;2900.03;01,01,01,02
11.05.01;VLP Ginecológica Compleja.;11;OPERACIONES OBSTETRICAS                     PAR;2066.12;;;;;20371.9;11
11.05.02;Video Histeroscopìa Diagnostica;11;OPERACIONES OBSTETRICAS                     PAR;1200;;;;;9840;30
11.05.03;Video Histeroscopia Terapeutica;11;OPERACIONES OBSTETRICAS                     PAR;1800;;;;;14760;30
11.05.04;Videolaparoscopia ginecologica;11;OPERACIONES OBSTETRICAS                     PAR;;1;;1;;51.72;01,01,01
12.02.01;COLUMNA CERVICAL, DORSAL O LUMBAR.;12;FRACTURA CON DESPLAZAMIENTO-OSTEOPLASTIA;178.5;;87;;26;10603.8;01,01,01,02
12.02.02;ESTERNON, ESCAPULA, HUMERO, (EXCEPTO SUPRACONDILEA) CUB;12;FRACTURA CON DESPLAZAMIENTO-OSTEOPLASTIA;54;;80.25;;23;4006.36;01,01,01,02
12.02.03;PELVIS, FEMUR, TIBIA Y PERONE, ASTRAGALO, CALCANEO SUPR;12;FRACTURA CON DESPLAZAMIENTO-OSTEOPLASTIA;119.25;;80.25;;23;7381.09;01,01,01,02
12.02.04;CLAVICULA, COSTILLAS, ROTULA, METACARPIANOS O METATARSI;12;FRACTURA CON DESPLAZAMIENTO-OSTEOPLASTIA;26.25;;;;;1357.65;01,01,01,02
12.03.01;COLUMNA CERVICAL, DORSAL O LUMBAR.;12;TRATAMIENTO QUIRURGICO DE LAS FRACTURAS              REDUC;372.75;74.25;132.75;2;276;41520.8;01,01,01,02
12.03.02;HUMERO, PELVIS, SACRO, FEMUR, TIBIA Y PERONE, CUBITO Y;12;TRATAMIENTO QUIRURGICO DE LAS FRACTURAS              REDUC;228;45;104.25;2;271;30744.9;01,01,01,02
12.03.03;CUBITO, RADIO, TERCIO INFERIOR, UNO O MAS HUESOS DEL CA;12;TRATAMIENTO QUIRURGICO DE LAS FRACTURAS              REDUC;119.25;30;80.25;1;220;19326.4;01,01,01,02
12.03.04;ESTERNON , COSTILLAS, CLAVICULA, ESCAPULA, ROTULA.;12;TRATAMIENTO QUIRURGICO DE LAS FRACTURAS              REDUC;80.25;30;80.25;1;220;17309.3;01,01,01,02
12.03.05;METACARPIANO (EXECPTO EL PRIMER METACARPIANO) O METATAR;12;TRATAMIENTO QUIRURGICO DE LAS FRACTURAS              REDUC;61.5;30;80.25;1;171;13754.3;01,01,01,02
12.04.01;VERTEBRAS, LAMINECTOMIA COMO UNICA 0PERACION, SACRO, HE;12;INCISIONES- RESECCIONES PARCIALES EN HUESOS            EXPLO;228;45;104.25;2;351;34965.7;01,01,01,02
12.04.02;COXAL, FEMUR, HUMERO.;12;INCISIONES- RESECCIONES PARCIALES EN HUESOS            EXPLO;178.5;34.5;80.25;2;180;22297.5;01,01,01,02
12.04.03;ESTERNON, ESCAPULA, CUBITO, RADIO, CARPO, TIBIA, PERONE;12;INCISIONES- RESECCIONES PARCIALES EN HUESOS            EXPLO;101.25;30;80.25;2;180;17836.7;01,01,01,02
12.04.04;COSTILLA, CLAVICULA, METACARPIANO, METATARSIANO, FALANG;12;INCISIONES- RESECCIONES PARCIALES EN HUESOS            EXPLO;61.5;30;80.25;1;130;11591.2;01,01,01,02
12.04.05;PUNCION BIOPSIA DE VERTEBRA.;12;INCISIONES- RESECCIONES PARCIALES EN HUESOS            EXPLO;80.25;;;;26;5522.29;01,01,01,02
12.04.06;PUNCION BIOPSIA DE CUALQUIER OTRO HUESO.;12;INCISIONES- RESECCIONES PARCIALES EN HUESOS            EXPLO;21.75;;;;20;2180.11;01,01,01,02
12.05.01;ESCAPULA, HUMERO, ISQUION, ILION.;12;RESECCIONES TOTALES DE HUESOS                    INCLU;252.75;51;104.25;2;271;32645.6;01,01,01,02
12.05.02;COXAL, FEMUR, TIBIA, HUMERO, MAXILAR SUPERIOR O INFERIO;12;RESECCIONES TOTALES DE HUESOS                    INCLU;279;55.5;127.5;2;318;36948.5;01,01,01,02
12.05.03;CUBITO, RADIO, PERONE, CARPO (UNO O MAS HUESOS), ASTRAG;12;RESECCIONES TOTALES DE HUESOS                    INCLU;201.75;39.75;87;2;219;26100.7;01,01,01,02
12.05.04;CLAVICULA, ROTULA, METATARSIANO O METACARPIANO, FALANGE;12;RESECCIONES TOTALES DE HUESOS                    INCLU;101.25;30;80.25;1;178;16179.5;01,01,01,02
12.06.01;FEMUR, TIBIA, TIBIA Y PERONE.;12;OSTEOTOMIAS CORRECTIVAS;201.75;39.75;87;2;270;28791.5;01,01,01,02
12.06.02;HUMERO, CUBITO Y/O RADIO, ASTRAGALO Y/O CALCANEO, OTROS;12;OSTEOTOMIAS CORRECTIVAS;119.25;30;80.25;2;223;21036.3;01,01,01,02
12.06.03;METACARPIANO, METATARSIANO, FALANGES (DE UN MISMO DEDO);12;OSTEOTOMIAS CORRECTIVAS;39.75;30;80.25;1;218;15109.1;01,01,01,02
12.07.01;CLAVICULA.;12;REPARACIONES EN LOS HUESOS.                OSTEO;80.25;30;80.25;1;177;15040.6;01,01,01,02
12.07.02;HUMERO.;12;REPARACIONES EN LOS HUESOS.                OSTEO;252.75;51;104.25;2;330;35758.5;01,01,01,02
12.07.03;CUBITO, RADIO, CARPO, HUESOS DE LA CARA.;12;REPARACIONES EN LOS HUESOS.                OSTEO;119.25;30;80.25;2;220;20878;01,01,01,02
12.07.04;METACARPIANO.;12;REPARACIONES EN LOS HUESOS.                OSTEO;80.25;30;80.25;1;203;16412.4;01,01,01,02
12.07.05;UNA O MAS FALANGES DE UN MISMO DEDO.;12;REPARACIONES EN LOS HUESOS.                OSTEO;61.5;30;80.25;1;150;12646.4;01,01,01,02
12.07.06;FEMUR, TIBIA, PERONE.;12;REPARACIONES EN LOS HUESOS.                OSTEO;252.75;51;104.25;2;330;35758.5;01,01,01,02
12.07.07;ASTRAGALO, CALCANEO, OTROS HUESOS DEL TARSO.;12;REPARACIONES EN LOS HUESOS.                OSTEO;119.25;30;80.25;1;220;19326.4;01,01,01,02
12.07.08;METATARSIANO, UNA O MAS FALANGES DE UN MISMO DEDO.;12;REPARACIONES EN LOS HUESOS.                OSTEO;61.5;30;80.25;1;203;15442.7;01,01,01,02
12.08.01;ARTROCENTESIS (DIAGNOSTICA, TERAPEUTICA, PARA ARTROGRAF;12;ARTROCENTESIS;9;;;;7;834.8;01,01,01,02
12.09.01;SACRO-ILIACA, CONDRO-COSTAL, CONDRO-ESTERNAL, ESTERNO-C;12;ARTROTOMIAS                      EXPLO;101.25;30;80.25;1;220;18395.5;01,01,01,02
12.09.02;HOMBRO, CADERA, RODILLA.;12;ARTROTOMIAS                      EXPLO;178.5;34.5;80.25;1;177;20354.9;01,01,01,02
12.09.03;METACARPO O METATARSO-FALANGICA, INTERFALANGICA.;12;ARTROTOMIAS                      EXPLO;39.75;30;80.25;1;116;9727.63;01,01,01,02
12.10.01;CADERA.;12;ARTROPLASTIAS;303;61.5;127.5;2;312;38493.8;01,01,01,02
12.10.02;Artroscopía simple de rodilla - menisco;12;ARTROPLASTIAS;1742.17;;;;;17177.8;11,11
12.10.03;Artroscopía compleja de hombro;12;ARTROPLASTIAS;2205.04;;;2;;21741.7;11
12.10.04;ESTERNO-CLAVICULAR, CARPO, TARSO, TARSO-METATARSIANA.;12;ARTROPLASTIAS;178.5;34.5;80.25;2;267;26887.6;01,01,01,02
12.10.05;ACROMIO-CLAVICULAR, METACARPO-FALANGICA, METATARSO-FALA;12;ARTROPLASTIAS;80.25;30;80.25;1;220;17309.3;01,01,01,02
12.11.01;COLUMNA CERVICAL, DORSAL O LUMBAR (MENOS DE TRES VERTEB;12;ARTRODESIS - ARTRORRISIS;252.75;51;127.5;2;312;34808.8;01,01,01,02
12.11.02;COLUMNA CERVICAL, DORSAL O LUMBAR, CADERA, RODILLA (MAS;12;ARTRODESIS - ARTRORRISIS;303;61.5;153.75;2;356;40815.3;01,01,01,02
12.11.03;HOMBRO, CODO.;12;ARTRODESIS - ARTRORRISIS;252.75;51;104.25;2;313;34861.6;01,01,01,02
12.11.04;ESTERNO-CLAVICULAR, MUÑECA, TARSO (SIMPLE, TIBIOTARSIAN;12;ARTRODESIS - ARTRORRISIS;178.5;34.5;80.25;1;267;25103.3;01,01,01,02
12.11.05;DOBLE ARTRODESIS (CHOPART-SUBASTRAGALINA).;12;ARTRODESIS - ARTRORRISIS;252.75;51;104.25;2;267;32434.6;01,01,01,02
12.11.06;TRIPLE ARTRODESIS (TIBIOTARSIANA, CHOPART-SUBASTRAGALIN;12;ARTRODESIS - ARTRORRISIS;303;61.5;127.5;2;305;38124.5;01,01,01,02
12.11.07;METACARPO-FALANGICA, METATARSO-FALANGICA, INTERFALANGIC;12;ARTRODESIS - ARTRORRISIS;80.25;30;80.25;1;177;15040.6;01,01,01,02
12.12.01;ESTERNO-CLAVICULAR, ACROMIO-CLAVICULAR, CODO, MUÑECA, C;12;SUTURAS EN ARTICULACIONES - ESCISION DE BOLSAS SEROSAS;80.25;30;80.25;1;177;15040.6;01,01,01,02
12.12.02;HOMBRO, CADERA, RODILLA, TEMPORO MAXILAR.;12;SUTURAS EN ARTICULACIONES - ESCISION DE BOLSAS SEROSAS;119.25;30;80.25;1;222;19431.9;01,01,01,02
12.12.03;METACARPO O METATARSO-FALANGICA, INTERFALANGICA.;12;SUTURAS EN ARTICULACIONES - ESCISION DE BOLSAS SEROSAS;39.75;30;80.25;1;119;9885.91;01,01,01,02
12.12.04;ESCISION O INCISION, BIOPSIA, DRENAJE O EXTRACCION DE D;12;SUTURAS EN ARTICULACIONES - ESCISION DE BOLSAS SEROSAS;61.5;30;80.25;1;119;11010.8;01,01,01,02
12.13.01;COLUMNA CERVICAL, DORSAL O LUMBAR.;12;B-TRATAMIENTO QUIRURGICO E INMOVILIZACION;61.5;;;;150;11094.8;01,01,01,02
12.13.02;CADERA, RODILLA.;12;B-TRATAMIENTO QUIRURGICO E INMOVILIZACION;48;;;;97;7600.28;01,01,01,02
12.13.03;CLAVICULA, HOMBRO, CODO, MUÑECA, METACARPO, TOBILLO, TA;12;B-TRATAMIENTO QUIRURGICO E INMOVILIZACION;39.75;;;;97;7173.59;01,01,01,02
12.13.04;METACARPO O METATARSO-FALANGICAS (UNA O MAS LUXACIONES;12;B-TRATAMIENTO QUIRURGICO E INMOVILIZACION;21.75;;;;51;3815.67;01,01,01,02
12.13.05;COLUMNA CERVICAL, DORSAL O LUMBAR.;12;B-TRATAMIENTO QUIRURGICO E INMOVILIZACION;303;61.5;127.5;2;353;40657;01,01,01,02
12.13.06;CADERA, RODILLA.;12;B-TRATAMIENTO QUIRURGICO E INMOVILIZACION;252.75;51;104.25;2;353;36971.9;01,01,01,02
12.13.07;CLAVICULA, HOMBRO, CODO, MUÑECA, METACARPO, TOBILLO, TA;12;B-TRATAMIENTO QUIRURGICO E INMOVILIZACION;101.25;30;80.25;1;179;16232.3;01,01,01,02
12.13.08;METACARPO O METATARSO FALANGICA.;12;B-TRATAMIENTO QUIRURGICO E INMOVILIZACION;61.5;30;80.25;1;179;14176.4;01,01,01,02
12.14.01;MIECTOMIAS, (MIOSITIS OSIFICANTE, HIPERTROFIAS, NEOPLAS;12;OPERACIONES EN LOS MUSCULOS;119.25;30;80.25;2;177;18609.3;01,01,01,02
12.14.02;INCISION DE MUSCULOS, ESCISION DE LESION LOCAL (EXPLORA;12;OPERACIONES EN LOS MUSCULOS;61.5;30;80.25;1;107;10377.7;01,01,01,02
12.15.01;EXPLORACION DRENAJE, EXTRACCION, INCISION, ESCISION, BI;12;OPERACIONES EN TENDONES, VAINAS TENDINOSAS Y FASCIAS;39.75;30;80.25;2;219;16713.5;01,01,01,02
12.15.02;REPARACION Y SUTURA (TENORRAFIA) DE TENDON FLEXOR DE LA;12;OPERACIONES EN TENDONES, VAINAS TENDINOSAS Y FASCIAS;80.25;30;80.25;1;184;15410;01,01,01,02
12.15.03;TENOPLASTIA CON ALARGAMIENTO O ACORTAMIENTO O INJERTO O;12;OPERACIONES EN TENDONES, VAINAS TENDINOSAS Y FASCIAS;119.25;30;80.25;1;230;19854;01,01,01,02
12.15.04;REPARACION Y SUTURA (TENORRAFIA) EN TENDON EXTENSOR DE;12;OPERACIONES EN TENDONES, VAINAS TENDINOSAS Y FASCIAS;61.5;30;80.25;1;178;14123.7;01,01,01,02
12.15.05;TENOPLASTIA CON ALARGAMIENTO O ACORTAMIENTO O INJERTO O;12;OPERACIONES EN TENDONES, VAINAS TENDINOSAS Y FASCIAS;80.25;30;80.25;1;230;17836.9;01,01,01,02
12.15.06;REPARACION Y SUTURA (TENORRAFIA) DE OTRO TENDON QUE NO;12;OPERACIONES EN TENDONES, VAINAS TENDINOSAS Y FASCIAS;61.5;30;80.25;1;179;14176.4;01,01,01,02
12.15.07;TENOPLASTIA CON ALARGAMIENTO O ACORTAMIENTO O INJERTO O;12;OPERACIONES EN TENDONES, VAINAS TENDINOSAS Y FASCIAS;101.25;30;80.25;1;180;16285;01,01,01,02
12.15.08;TRATAMIENTO DE LA SECUELA POR PARALISIS (POLIOMELITIS),;12;OPERACIONES EN TENDONES, VAINAS TENDINOSAS Y FASCIAS;252.75;51;104.25;2;271;32645.6;01,01,01,02
12.15.09;ESCISION GANGLION.;12;OPERACIONES EN TENDONES, VAINAS TENDINOSAS Y FASCIAS;39.75;;;;50;4693.87;01,01,01,02
12.16.01;INTERESCAPULOTORACICA.;12;AMPUTACIONES Y DESARTICULACIONES;372.75;74.25;132.75;2;361;46005.4;01,01,01,02
12.16.02;HOMBRO.;12;AMPUTACIONES Y DESARTICULACIONES;228;45;87;2;228;28476.2;01,01,01,02
12.16.03;BRAZO, CODO, ANTEBRAZO, MUÑECA, MANO.;12;AMPUTACIONES Y DESARTICULACIONES;119.25;30;80.25;1;179;17163.2;01,01,01,02
12.16.04;INTERILEOABDOMINAL.;12;AMPUTACIONES Y DESARTICULACIONES;425.25;84.75;159.75;2;361;49806.8;01,01,01,02
12.16.05;CADERA.;12;AMPUTACIONES Y DESARTICULACIONES;303;61.5;127.5;2;361;41079.1;01,01,01,02
12.16.06;MUSLO O RODILLA.;12;AMPUTACIONES Y DESARTICULACIONES;178.5;34.5;80.25;1;267;25103.3;01,01,01,02
12.16.07;PIE O PIERNA.;12;AMPUTACIONES Y DESARTICULACIONES;101.25;30;80.25;1;220;18395.5;01,01,01,02
12.16.08;DEDO DE LA MANO.;12;AMPUTACIONES Y DESARTICULACIONES;61.5;30;80.25;1;65;8161.78;01,01,01,02
12.16.09;DEDO DEL PIE.;12;AMPUTACIONES Y DESARTICULACIONES;39.75;30;80.25;1;65;7036.87;01,01,01,02
12.17.01;DISCECTOMIA CERVICAL, DORSAL O LUMBAR.;12;TRATAMIENTO QUIRURGICO POR PROCEDIMIENTOS COMBINADOS.;303;61.5;127.5;2;361;41079.1;01,01,01,02
12.17.02;DISCECTOMIA CERVICAL, DORSAL O LUMBAR CON ARTRODESIS.;12;TRATAMIENTO QUIRURGICO POR PROCEDIMIENTOS COMBINADOS.;425.25;84.75;159.75;2;375;50545.5;01,01,01,02
12.17.03;TRATAMIENTO QUIRURGICO DE LA ELEVACION CONGENITA DE ESC;12;TRATAMIENTO QUIRURGICO POR PROCEDIMIENTOS COMBINADOS.;201.75;39.75;87;1;313;29004.3;01,01,01,02
12.17.04;TENOTOMIAS Y/O FASCIOTOMIAS UNICAS O MULTIPLES PARA EL;12;TRATAMIENTO QUIRURGICO POR PROCEDIMIENTOS COMBINADOS.;80.25;30;80.25;1;179;15146.2;01,01,01,02
12.17.05;OPERACIONES EN EL HUECO SUPRACLAVICULAR POR SINDROME DE;12;TRATAMIENTO QUIRURGICO POR PROCEDIMIENTOS COMBINADOS.;178.5;34.5;80.25;1;267;25103.3;01,01,01,02
12.17.06;TRATAMIENTO QUIRURGICO DE LA LUXACION INVETERADA o RECI;12;TRATAMIENTO QUIRURGICO POR PROCEDIMIENTOS COMBINADOS.;178.5;34.5;80.25;1;227;22992.9;01,01,01,02
12.17.07;APONEUROTOMIA (FASCIOTOMIA SUBCUTANEA).;12;TRATAMIENTO QUIRURGICO POR PROCEDIMIENTOS COMBINADOS.;61.5;30;80.25;1;227;16708.9;01,01,01,02
12.17.08;APONEURECTOMIA PARCIAL O TOTAL.;12;TRATAMIENTO QUIRURGICO POR PROCEDIMIENTOS COMBINADOS.;119.25;30;80.25;1;227;19695.7;01,01,01,02
12.17.09;APONEURECTOMIA PARCIAL (INCLUYE TOMA DE INJERTO). TRATA;12;TRATAMIENTO QUIRURGICO POR PROCEDIMIENTOS COMBINADOS.;228;45;104.25;1;227;26096.1;01,01,01,02
12.17.10;DE UN ESPACIO DIGITAL, SIN INJERTO.;12;TRATAMIENTO QUIRURGICO POR PROCEDIMIENTOS COMBINADOS.;61.5;30;80.25;1;182;14334.7;01,01,01,02
12.17.11;DE UN ESPACIO DIGITAL, CON INJERTO (INCLUYE TOMA DE INJ;12;TRATAMIENTO QUIRURGICO POR PROCEDIMIENTOS COMBINADOS.;80.25;30;80.25;1;182;15304.5;01,01,01,02
12.17.12;RECONSTRUCCION TOTAL DEL PULGAR POR TRANSPOSICION.;12;TRATAMIENTO QUIRURGICO POR PROCEDIMIENTOS COMBINADOS.;531.75;106.5;159.75;1;214;44300.9;01,01,01,02
12.17.13;RECONSTRUCCION PARCIAL DEL PULGAR, EN UNO O MAS TIEMPOS;12;TRATAMIENTO QUIRURGICO POR PROCEDIMIENTOS COMBINADOS.;303;61.5;127.5;1;179;28296;01,01,01,02
12.17.14;LUXACION CONGENITA DE CADERA, REDUCCION INCRUENTA, EXTE;12;TRATAMIENTO QUIRURGICO POR PROCEDIMIENTOS COMBINADOS.;252.75;;;;;13072.2;01,01,01,02
12.17.15;LUXACION CONGENITA DE CADERA, REDUCCION CRUENTA CON O S;12;TRATAMIENTO QUIRURGICO POR PROCEDIMIENTOS COMBINADOS.;372.75;74.25;159.75;2;356;45741.6;01,01,01,02
12.17.16;DISPLASIA DE CADERA SIN LUXACION, TRATAMIENTO QUIRURGIC;12;TRATAMIENTO QUIRURGICO POR PROCEDIMIENTOS COMBINADOS.;372.75;74.25;159.75;2;313;43472.9;01,01,01,02
12.17.17;EPIFISIOLISIS DE CADERA (COXA VARA DEL ADOLESCENTE) TRA;12;TRATAMIENTO QUIRURGICO POR PROCEDIMIENTOS COMBINADOS.;372.75;74.25;132.75;2;313;43472.9;01,01,01,02
12.17.18;TRATAMIENTO QUIRURGICO DE LA LUXACION TRAUMATICA INVETE;12;TRATAMIENTO QUIRURGICO POR PROCEDIMIENTOS COMBINADOS.;372.75;74.25;132.75;2;313;43472.9;01,01,01,02
12.17.19;CUADRICEPSPLASTIA (JUDET, ETC.).;12;TRATAMIENTO QUIRURGICO POR PROCEDIMIENTOS COMBINADOS.;201.75;39.75;87;1;313;29004.3;01,01,01,02
12.17.20;LUXACION RECIDIVANTE DE ROTULA.;12;TRATAMIENTO QUIRURGICO POR PROCEDIMIENTOS COMBINADOS.;119.25;30;80.25;1;123;14208.7;01,01,01,02
12.17.21;PIE ZAMBO VARO EQUINO SUPINADO, TRATAMIENTO QUIRURGICO.;12;TRATAMIENTO QUIRURGICO POR PROCEDIMIENTOS COMBINADOS.;228;45;104.25;1;223;25885;01,01,01,02
12.17.22;PIE EQUINO, TRATAMIENTO QUIRURGICO.;12;TRATAMIENTO QUIRURGICO POR PROCEDIMIENTOS COMBINADOS.;178.5;34.5;80.25;1;123;17505.8;01,01,01,02
12.17.23;PIE PLANO O PIE CAVO, TRATAMIENTO QUIRURGICO.;12;TRATAMIENTO QUIRURGICO POR PROCEDIMIENTOS COMBINADOS.;228;45;104.25;1;223;25885;01,01,01,02
12.17.24;SEUDOEXOSTOSIS DE HAGLUND.;12;TRATAMIENTO QUIRURGICO POR PROCEDIMIENTOS COMBINADOS.;61.5;30;80.25;1;180;14229.2;01,01,01,02
12.17.25;TRATAMIENTO QUIRURGICO DEL PIE HENDIDO.;12;TRATAMIENTO QUIRURGICO POR PROCEDIMIENTOS COMBINADOS.;178.5;34.5;80.25;1;123;17505.8;01,01,01,02
12.17.26;TRATAMIENTO QUIRURGICO COMPLETO DE HALLUS VALGUS SIMPLE;12;TRATAMIENTO QUIRURGICO POR PROCEDIMIENTOS COMBINADOS.;178.5;34.5;80.25;1;264;24945;01,01,01,02
12.17.27;TRATAMIENTO QUIRURGICO DEL DEDO EN GARRA EN MARTILLO, D;12;TRATAMIENTO QUIRURGICO POR PROCEDIMIENTOS COMBINADOS.;61.5;30;80.25;1;175;13965.4;01,01,01,02
12.17.28;EXERESIS DEL NEUROMA DE MORTON.;12;TRATAMIENTO QUIRURGICO POR PROCEDIMIENTOS COMBINADOS.;61.5;30;80.25;1;55;7634.18;01,01,01,02
12.18.01;MUSCULARES, PERIARTICULARES, TENDINOSAS, DE FASCIAS, DE;12;INFILTRACIONES Y MOVILIZACIONES;9;;;;7;834.8;01,01,01,02
12.18.02;MOVILIZACION FORZADA DE ARTICULACION (BAJO ANESTESIA GE;12;INFILTRACIONES Y MOVILIZACIONES;21.75;;80.25;;27;2549.43;01,01,01,02
12.18.02;MOVILIZACION FORZADA DE ARTICULACION (BAJO ANESTESIA GE;12;INFILTRACIONES Y MOVILIZACIONES;21.8;;80.3;;27;2552.02;01,20,02
12.19.01;FRONDA ARTICULADA PARA MAXILARES.;12;YESO, VENDAJES Y TRACCIONES CONTINUAS.;12.75;;;;60;3825.03;01,01,01,02
12.19.02;YESO PARA NARIZ.;12;YESO, VENDAJES Y TRACCIONES CONTINUAS.;9;;;;10;993.08;01,01,01,02
12.19.03;MINERVA.;12;YESO, VENDAJES Y TRACCIONES CONTINUAS.;54;;;;162;11340;01,01,01,02
12.19.04;COLLAR DE SHANI ENYESADO.;12;YESO, VENDAJES Y TRACCIONES CONTINUAS.;9;;;;20;1520.68;01,01,01,02
12.19.05;VENDAJE DE SHANI.;12;YESO, VENDAJES Y TRACCIONES CONTINUAS.;9;;;;20;1520.68;01,01,01,02
12.19.06;CORSET.;12;YESO, VENDAJES Y TRACCIONES CONTINUAS.;39.75;;;;110;7859.47;01,01,01,02
12.19.07;CORSELETE.;12;YESO, VENDAJES Y TRACCIONES CONTINUAS.;26.25;;;;60;4523.25;01,01,01,02
12.19.08;CORSET DE RISSER O SIMILARES.;12;YESO, VENDAJES Y TRACCIONES CONTINUAS.;106.5;;;;162;14055.3;01,01,01,02
12.19.09;LECHO DE LORENZ HASTA CADERA.;12;YESO, VENDAJES Y TRACCIONES CONTINUAS.;39.75;;;;110;7859.47;01,01,01,02
12.19.10;LECHO DE LORENZ HASTA PIE.;12;YESO, VENDAJES Y TRACCIONES CONTINUAS.;54;;;;130;9651.68;01,01,01,02
12.19.11;VENDAJE DE CINGULO PARA COSTILLA.;12;YESO, VENDAJES Y TRACCIONES CONTINUAS.;9;;;;30;2048.28;01,01,01,02
12.19.12;VENDAJE EN OCHO ENYESADO.;12;YESO, VENDAJES Y TRACCIONES CONTINUAS.;12.75;;;;20;1714.63;01,01,01,02
12.19.13;VENDAJE DE ROBERT JONES (ACROMIO CLAVICULAR).;12;YESO, VENDAJES Y TRACCIONES CONTINUAS.;12.75;;;;20;1714.63;01,01,01,02
12.19.14;VELPEAU DE YESO.;12;YESO, VENDAJES Y TRACCIONES CONTINUAS.;12.75;;;;30;2242.23;01,01,01,02
12.19.15;VENDAJE DE VELPEA;12;YESO, VENDAJES Y TRACCIONES CONTINUAS.;9;;;;20;1520.68;01,01,01,02
12.19.16;YESO TORACO-BRAQUIAL.;12;YESO, VENDAJES Y TRACCIONES CONTINUAS.;54;;;;110;8596.48;01,01,01,02
12.19.17;YESO BRAQUIPALMAR.;12;YESO, VENDAJES Y TRACCIONES CONTINUAS.;26.25;;;;50;3995.65;01,01,01,02
12.19.18;YESO COLGANTE.;12;YESO, VENDAJES Y TRACCIONES CONTINUAS.;12.75;;;;50;3297.43;01,01,01,02
12.19.19;YESO ANTEBRAQUIPALMAR.;12;YESO, VENDAJES Y TRACCIONES CONTINUAS.;12.75;;;;50;3297.43;01,01,01,02
12.19.20;MANO DE YESO.;12;YESO, VENDAJES Y TRACCIONES CONTINUAS.;9;;;;20;1520.68;01,01,01,02
12.19.21;VALVA LARGA DE MIEMBRO SUPERIOR.;12;YESO, VENDAJES Y TRACCIONES CONTINUAS.;12.75;;;;20;1714.63;01,01,01,02
12.19.22;VALVA CORTA DE MIEMBRO SUPERIOR.;12;YESO, VENDAJES Y TRACCIONES CONTINUAS.;9;;;;20;1520.68;01,01,01,02
12.19.23;YESO PELVIPEDICO.;12;YESO, VENDAJES Y TRACCIONES CONTINUAS.;54;;;;110;8596.48;01,01,01,02
12.19.24;DUCROQUET.;12;YESO, VENDAJES Y TRACCIONES CONTINUAS.;39.75;;;;50;4693.87;01,01,01,02
12.19.25;CALZA DE YESO (YESO CRUROPEDICO).;12;YESO, VENDAJES Y TRACCIONES CONTINUAS.;26.25;;;;50;3995.65;01,01,01,02
12.19.26;BOTA LARGA DE YESO.;12;YESO, VENDAJES Y TRACCIONES CONTINUAS.;39.75;;;;50;4693.87;01,01,01,02
12.19.27;BOTA CORTA DE YESO.;12;YESO, VENDAJES Y TRACCIONES CONTINUAS.;26.25;;;;50;3995.65;01,01,01,02
12.19.28;BOTIN DE YESO.;12;YESO, VENDAJES Y TRACCIONES CONTINUAS.;12.75;;;;20;1714.63;01,01,01,02
12.19.29;VALVA LARGA DE MIEMBRO INFERIOR.;12;YESO, VENDAJES Y TRACCIONES CONTINUAS.;26.25;;;;20;2412.85;01,01,01,02
12.19.30;VALVA CORTA DE MIEMBRO INFERIOR.;12;YESO, VENDAJES Y TRACCIONES CONTINUAS.;9;;;;20;1520.68;01,01,01,02
12.19.31;PASTA DE UNNA.;12;YESO, VENDAJES Y TRACCIONES CONTINUAS.;9;;;;20;1520.68;01,01,01,02
12.19.32;TRACCION CONTINUA CUTANEA, TRACCION DE PARTES BLANDAS C;12;YESO, VENDAJES Y TRACCIONES CONTINUAS.;26.25;;;;50;3995.65;01,01,01,02
12.19.33;TRACCION CONTINUA TIPO COTREL (CEFALO-PELVICO).;12;YESO, VENDAJES Y TRACCIONES CONTINUAS.;80.25;;;;163;12750.4;01,01,01,02
12.19.34;TRACCION CONTINUA ESQUELETICA CEFALICA.;12;YESO, VENDAJES Y TRACCIONES CONTINUAS.;66;;;;130;10272.3;01,01,01,02
12.19.35;TRACCION CONTINUA ESQUELETICA CEFALOPELVICA O CEFALOFEM;12;YESO, VENDAJES Y TRACCIONES CONTINUAS.;106.5;;;;162;14055.3;01,01,01,02
12.19.36;TRACCION CONTINUA ESQUELETICA DE MIEMBRO SUPERIOR O INF;12;YESO, VENDAJES Y TRACCIONES CONTINUAS.;26.25;;;;60;4523.25;01,01,01,02
12.19.37;DESCARTABLE;12;YESO, VENDAJES Y TRACCIONES CONTINUAS.;400;;;;;3944;11
12.20.01;Atroscopia de hombro;12;YESO, VENDAJES Y TRACCIONES CONTINUAS.;;1;;1;;51.72;01
12.20.02;Artroscopia simple;12;YESO, VENDAJES Y TRACCIONES CONTINUAS.;;1;;1;;51.72;01
12.20.10;Cirugía percutánea de pie (Hon. méd. + desc. Inc. inst.;12;YESO, VENDAJES Y TRACCIONES CONTINUAS.;1840;;;;;18142.4;11
12.31.01;MS.C1.01 Practicas incruentes;12;YESO, VENDAJES Y TRACCIONES CONTINUAS.;80;;;;;3248;25
12.31.02;MS.C1.02 Infiltraciones;12;YESO, VENDAJES Y TRACCIONES CONTINUAS.;80;;;;;3248;25
12.31.03;MS.C1.03 Inmovilizaciones enyesadas, yesos localizadore;12;YESO, VENDAJES Y TRACCIONES CONTINUAS.;80;;;;;3248;25
12.31.04;MS.C1.04 Extracción osteodesis percutáneas;12;YESO, VENDAJES Y TRACCIONES CONTINUAS.;80;;;;;3248;25
12.31.05;MS.C1.05 Tracciones esqueléticas;12;YESO, VENDAJES Y TRACCIONES CONTINUAS.;80;;;;;3248;25
12.31.06;RO.C1.01 Infiltración. Artrocentesis;12;YESO, VENDAJES Y TRACCIONES CONTINUAS.;80;;;;;3248;25
12.31.11;PTP.C1.02 Infiltraciones;12;YESO, VENDAJES Y TRACCIONES CONTINUAS.;80;;;;;3248;25
12.31.16;PCM.C1.02 Artrocentésis;12;YESO, VENDAJES Y TRACCIONES CONTINUAS.;80;;;;;3248;25
12.32.02;MS.C2.02 Reducción de fracturas y/o luxaciones;12;YESO, VENDAJES Y TRACCIONES CONTINUAS.;120;;;;;4872;25
12.32.03;MS.C2.03 Biopsias por punción a cualquier nivel;12;YESO, VENDAJES Y TRACCIONES CONTINUAS.;120;;;;;4872;25
12.32.04;MS.C2.04 Extración clavijas percutáneas c/anestesia loc;12;YESO, VENDAJES Y TRACCIONES CONTINUAS.;120;;;;;4872;25
12.32.09;RO.C2.03. BIOPSIA POR PUNCION;12;YESO, VENDAJES Y TRACCIONES CONTINUAS.;120;;;;;4872;25
12.32.10;RO.C2.04 -tracciones esqueleticas como unico tratamient;12;YESO, VENDAJES Y TRACCIONES CONTINUAS.;120;;;;;4872;25
12.32.11;RO.C2.05 Toilette quirúrgica superficial;12;YESO, VENDAJES Y TRACCIONES CONTINUAS.;120;;;;;4872;25
12.32.12;PTP.C2.01 Red. incruentas y/o manipulaciones;12;YESO, VENDAJES Y TRACCIONES CONTINUAS.;120;;;;;4872;25
12.32.15;PT.C2 04 TRAT.QUIRURG.UÑA ENCARNADA;12;YESO, VENDAJES Y TRACCIONES CONTINUAS.;120;;;;;4872;25
12.32.16;PTP.C2.05 evaluacion quirurg. hematomas y abcesos sup.;12;YESO, VENDAJES Y TRACCIONES CONTINUAS.;120;;;;;4872;25
12.32.18;PTP.C2.07 Toilette quirúrgica superficial;12;YESO, VENDAJES Y TRACCIONES CONTINUAS.;120;;;;;4872;25
12.32.19;PTP.C2.08 tratamiento.qx.dedo en martillo o mazo.;12;YESO, VENDAJES Y TRACCIONES CONTINUAS.;120;;;;;4872;25
12.32.20;PTP.C2.09 Uña encarnada;12;YESO, VENDAJES Y TRACCIONES CONTINUAS.;120;;;;;4872;25
12.33.01;MS.C3.01 Dedo en resorte del adulto o congénito;12;YESO, VENDAJES Y TRACCIONES CONTINUAS.;180;36;;1;;8769.6;25,25
12.33.02;MS.C3.02 Osteodesis percutáneas en fracturas diafisaria;12;YESO, VENDAJES Y TRACCIONES CONTINUAS.;180;36;;1;;8769.6;25,25
12.33.03;MS.C3.03 Amputac. en agudo o reamputac.en 2 dedos o +;12;YESO, VENDAJES Y TRACCIONES CONTINUAS.;180;36;;1;;8769.6;25,25
12.33.04;MS.C3.04 Tumores benignos en partes blandas extra apone;12;YESO, VENDAJES Y TRACCIONES CONTINUAS.;180;36;;1;;8769.6;25,25
12.33.05;MS.C3.05 Trat. de la enfermedad de DeQuevain;12;YESO, VENDAJES Y TRACCIONES CONTINUAS.;180;36;;1;;8769.6;25,25
12.33.08;MS.C3.08 Tratamiento del sindrome del tunel carpiano si;12;YESO, VENDAJES Y TRACCIONES CONTINUAS.;180;36;;1;;8769.6;25,25
12.33.12;MS.C3.12- BIOPSIAS A CIELO ABIERTO;12;YESO, VENDAJES Y TRACCIONES CONTINUAS.;180;36;;1;;8769.6;25,25
12.33.16;RO.C3.03 Biopsia a cielo abierto;12;YESO, VENDAJES Y TRACCIONES CONTINUAS.;180;36;;1;;8769.6;25,25
12.33.18;PTP.C3.02 Neuroma de Morton;12;YESO, VENDAJES Y TRACCIONES CONTINUAS.;180;36;;1;;8769.6;25,25
12.33.19;PTP.C3.03 Trat. de dodos en garra, juanetillo de sastre;12;YESO, VENDAJES Y TRACCIONES CONTINUAS.;180;36;;1;;8769.6;25,25
12.33.20;PTP.C3.04 Amputación dedos pequeños. Más de 2 sube cat.;12;YESO, VENDAJES Y TRACCIONES CONTINUAS.;180;36;;1;;8769.6;25,25
12.33.22;PTP.C3.06 Artrotomia dedos o tobillo para exploración;12;YESO, VENDAJES Y TRACCIONES CONTINUAS.;180;36;;1;;8769.6;25,25
12.33.25;PTP.C3.09 Extracción ganglión;12;YESO, VENDAJES Y TRACCIONES CONTINUAS.;180;36;;1;;8769.6;25,25
12.33.29;PTP.C3.13 Tumores benignos en partes blandas extraapone;12;YESO, VENDAJES Y TRACCIONES CONTINUAS.;180;36;;1;;8769.6;25,25
12.33.30;PTP.C3.14 Biopsias a cielo abierto;12;YESO, VENDAJES Y TRACCIONES CONTINUAS.;180;36;;1;;8769.6;25,25
12.33.32;PTP.C3.16 Injerto libre de piel como único tratamiento.;12;YESO, VENDAJES Y TRACCIONES CONTINUAS.;180;36;;1;;8769.6;25,25
12.33.33;PTP.C3.17 Tenosinovectomías en gral. a cielo abierto;12;YESO, VENDAJES Y TRACCIONES CONTINUAS.;180;36;;1;;8769.6;25,25
12.33.34;PCM.C3.01 Biopsias a cielo abierto;12;YESO, VENDAJES Y TRACCIONES CONTINUAS.;180;36;;1;;8769.6;25,25
12.33.35;PCM.C3.02 Reducción luxación de RTC o RPC;12;YESO, VENDAJES Y TRACCIONES CONTINUAS.;180;36;;1;;8769.6;25,25
12.33.36;PCM.C3.03 Resección tumores partes blandas extraaponeur;12;YESO, VENDAJES Y TRACCIONES CONTINUAS.;180;36;;1;;8769.6;25,25
12.33.41;Punción biopsia;12;YESO, VENDAJES Y TRACCIONES CONTINUAS.;180;36;;1;;8769.6;25,25
12.34.02;MS.C4.02 Sindrome del tunel carpeano;12;YESO, VENDAJES Y TRACCIONES CONTINUAS.;270;54;;1;;13154.4;25,25
12.34.03;MS.C4.03 Osteosíntesis de fracturas diafisarías MCP;12;YESO, VENDAJES Y TRACCIONES CONTINUAS.;270;54;;1;;13154.4;25,25
12.34.04;MS.C4.04 Osteosíntesis clávicula, cúbito o radio;12;YESO, VENDAJES Y TRACCIONES CONTINUAS.;270;54;;1;;13154.4;25,25
12.34.08;MS.C4.08 Tenosinovectomía digito palmar;12;YESO, VENDAJES Y TRACCIONES CONTINUAS.;270;54;;1;;13154.4;25,25
12.34.09;MS.C4.09 Extracción material osteosíntesis;12;YESO, VENDAJES Y TRACCIONES CONTINUAS.;270;54;;1;;13154.4;25,25
12.34.10;MS.C4.10 Resección ósea por osteomielitis;12;YESO, VENDAJES Y TRACCIONES CONTINUAS.;270;54;;1;;13154.4;25,25
12.34.12;MS.C4.12 Plástica dedo en boutonnier;12;YESO, VENDAJES Y TRACCIONES CONTINUAS.;270;54;;1;;13154.4;25,25
12.34.13;MS.C4.13 Colgajos homodigitales, zetaplástias o colgajo;12;YESO, VENDAJES Y TRACCIONES CONTINUAS.;270;54;;1;;13154.4;25,25
12.34.14;MS.C4.14 Tumores partes blandas subaponeuróticas;12;YESO, VENDAJES Y TRACCIONES CONTINUAS.;270;54;;1;;13154.4;25,25
12.34.15;MS.C4.15 Tenorrafia tendon extensor + de 2 aumenta cate;12;YESO, VENDAJES Y TRACCIONES CONTINUAS.;270;54;;1;;13154.4;25,25
12.34.22;MS.C4.22 Artrodesis IFP o IFD;12;YESO, VENDAJES Y TRACCIONES CONTINUAS.;270;54;;1;;13154.4;25,25
12.34.24;MS.C4.24 Drenaje de infección o absceso profundo;12;YESO, VENDAJES Y TRACCIONES CONTINUAS.;270;54;;1;;13154.4;25,25
12.34.27;RO.C4.03 Resección de tumores de partes blandas;12;YESO, VENDAJES Y TRACCIONES CONTINUAS.;270;54;;1;;13154.4;25,25
12.34.28;RO.C4.04 Sutura en agudo de ligamento lateral;12;YESO, VENDAJES Y TRACCIONES CONTINUAS.;270;54;;1;;13154.4;25,25
12.34.29;RO.C4.05 Osteosíntesis de rótula (inc. yeso);12;YESO, VENDAJES Y TRACCIONES CONTINUAS.;270;54;;1;;13154.4;25,25
12.34.32;RO.C4.08 Extracción de cuerpo extraño profundo;12;YESO, VENDAJES Y TRACCIONES CONTINUAS.;270;54;;1;;13154.4;25,25
12.34.35;PTP.C4.03- POLIDACTILEA SIMPLE;12;YESO, VENDAJES Y TRACCIONES CONTINUAS.;270;54;;1;;13154.4;25,25
12.34.36;PTP.C4.04 Osteosíntesis falanges, metatarsianos.Hasta 2;12;YESO, VENDAJES Y TRACCIONES CONTINUAS.;270;54;;2;;15346.8;25,25
12.34.37;PTP.C4.05 Osteosíntesis unimaleolares, de perone o tibi;12;YESO, VENDAJES Y TRACCIONES CONTINUAS.;270;54;;1;;13154.4;25,25
12.34.38;PTP.C4.06 Extracción material de osteosíntesis;12;YESO, VENDAJES Y TRACCIONES CONTINUAS.;270;54;;1;;13154.4;25,25
12.34.38;PTP.C4.06 Extracción material de osteosíntesis;12;YESO, VENDAJES Y TRACCIONES CONTINUAS.;270;54;;2;;15346.8;25,25
12.34.41;PTP.C4.09 Tumores de partes blandas subaponeuóticos;12;YESO, VENDAJES Y TRACCIONES CONTINUAS.;270;54;;1;;13154.4;25,25
12.34.42;PTP.C4.10 Secuestrectomía o extracción de cuerpo extrañ;12;YESO, VENDAJES Y TRACCIONES CONTINUAS.;270;54;;1;;13154.4;25,25
12.34.43;PTP.C4.11 Tratamiento de la fractura expuesta, sin oste;12;YESO, VENDAJES Y TRACCIONES CONTINUAS.;270;54;;1;;13154.4;25,25
12.34.44;PTP.C4.12 Sutura en agudo de ligamentos del tobillo;12;YESO, VENDAJES Y TRACCIONES CONTINUAS.;270;54;;1;;13154.4;25,25
12.34.47;PTP.C4.15 Tenosinovectomía a cielo ab. del Aquiles;12;YESO, VENDAJES Y TRACCIONES CONTINUAS.;270;54;;1;;13154.4;25,25
12.34.49;PTP.C4.17AMPUTACION DE HALLUX UNO O MAS RAYOS LATERAL;12;YESO, VENDAJES Y TRACCIONES CONTINUAS.;270;54;;1;;13154.4;25,25
12.34.51;PCM.C4.01 Tratamiento incrutento de la Luxación;12;YESO, VENDAJES Y TRACCIONES CONTINUAS.;270;54;;1;;13154.4;25,25
12.34.52;PCM.C4.02 Extracción material de osteosíntesis;12;YESO, VENDAJES Y TRACCIONES CONTINUAS.;270;54;;1;;13154.4;25,25
12.34.53;PCM.C4.03 Extracción tumor partes blandas subaponeurótt;12;YESO, VENDAJES Y TRACCIONES CONTINUAS.;270;54;;1;;13154.4;25,25
12.34.54;PCM.C4.04 Amputación;12;YESO, VENDAJES Y TRACCIONES CONTINUAS.;270;54;;1;;13154.4;25,25
12.34.57;CO.C4.01 Biopsia a cielo abierto;12;YESO, VENDAJES Y TRACCIONES CONTINUAS.;270;54;;1;;13154.4;25,25
12.35.01;MS.C5.01 Osteosíntesis biosea de antebrazo;12;YESO, VENDAJES Y TRACCIONES CONTINUAS.;380;76;;1;;18513.6;25,25
12.35.02;MS.C5.02 Epineurectomías. Endoneurolisis en gral.;12;YESO, VENDAJES Y TRACCIONES CONTINUAS.;380;76;;2;;21599.2;25,25
12.35.03;MS.C5.03 Amputaciones en mano, antebrazo y brazo;12;YESO, VENDAJES Y TRACCIONES CONTINUAS.;380;76;;1;;18513.6;25,25
12.35.05;MS.C5.05 Enfermedad de Dupuytren MCF mas IF;12;YESO, VENDAJES Y TRACCIONES CONTINUAS.;380;76;;1;;18513.6;25,25
12.35.06;MS.C5.06 Tenolisis. Epicondilitis;12;YESO, VENDAJES Y TRACCIONES CONTINUAS.;380;76;;1;;18513.6;25,25
12.35.07;MS.C5.07 Tenorrafia de flexores en Tierra de Nadie;12;YESO, VENDAJES Y TRACCIONES CONTINUAS.;380;76;;1;;18513.6;25,25
12.35.09;MS.C5.09 Osteosíntesis fracturas intraarticulares en ma;12;YESO, VENDAJES Y TRACCIONES CONTINUAS.;380;76;;1;;18513.6;25,25
12.35.09;MS.C5.09 Osteosíntesis fracturas intraarticulares en ma;12;YESO, VENDAJES Y TRACCIONES CONTINUAS.;380;76;;2;;21599.2;25,25
12.35.11;MS.C5.11 Osteosíntesis fractura de húmero (diafisarias);12;YESO, VENDAJES Y TRACCIONES CONTINUAS.;380;76;;1;;18513.6;25,25
12.35.12;MS.C5.12 Fractura expuesta en mano. Trat. completo;12;YESO, VENDAJES Y TRACCIONES CONTINUAS.;380;76;;1;;18513.6;25,25
12.35.14;MS.C5.14 Artrodesis trapecio metacarpiano;12;YESO, VENDAJES Y TRACCIONES CONTINUAS.;380;76;;1;;18513.6;25,25
12.35.16;MS.C5.16 Osteotomías en mano o antebrazo;12;YESO, VENDAJES Y TRACCIONES CONTINUAS.;380;76;;1;;18513.6;25,25
12.35.17;MS. C5.17 Artroscopia x resección radio cubital;12;YESO, VENDAJES Y TRACCIONES CONTINUAS.;380;76;;1;;18513.6;25,25
12.35.25;MS.C5.25 Resección tumores óseos benignos;12;YESO, VENDAJES Y TRACCIONES CONTINUAS.;380;76;;1;;18513.6;25,25
12.35.26;MS.C5.26 Tratamiento de la Tortícolis congénita;12;YESO, VENDAJES Y TRACCIONES CONTINUAS.;380;76;;1;;18513.6;25,25
12.35.27;MS.C5.27 Resecciones tumorales cavitarias;12;YESO, VENDAJES Y TRACCIONES CONTINUAS.;350;76;;1;;17295.6;25,25
12.35.28;MS.C5.28 Síndrome túnel carpiano complejo;12;YESO, VENDAJES Y TRACCIONES CONTINUAS.;380;76;;1;;18513.6;25,25
12.35.29;MS.C5.29- TENORRAFIA TENDON FLEXOR;12;YESO, VENDAJES Y TRACCIONES CONTINUAS.;380;76;;1;;18513.6;25,25
12.35.32;RO.C5.04 Plasticas ligamentarias extraarticulares;12;YESO, VENDAJES Y TRACCIONES CONTINUAS.;270;54;;1;;13154.4;25,25
12.35.37;RO.C5.09 Sinovectomía a cielo abierto;12;YESO, VENDAJES Y TRACCIONES CONTINUAS.;380;76;;1;;18513.6;25,25
12.35.38;RO.C5.09 Sinovectomía a cielo abierto;12;YESO, VENDAJES Y TRACCIONES CONTINUAS.;380;76;;1;;18513.6;25,25
12.35.39;RO.C5.11 Toillete RTC infectado sin retiro de prótesis;12;YESO, VENDAJES Y TRACCIONES CONTINUAS.;380;76;;1;;18513.6;25,25
12.35.40;PTP.C5.01 Osteosintesis de mas de 2 falanges o metatars;12;YESO, VENDAJES Y TRACCIONES CONTINUAS.;380;76;;1;;18513.6;25,25
12.35.41;PTP.C5.02 Osteosíntesis bimaleolar, tibia y peroné (ByC;12;YESO, VENDAJES Y TRACCIONES CONTINUAS.;380;76;;2;;21599.2;25,25
12.35.42;PTP.C5.03 Tratamiento del Hállux valgo simple;12;YESO, VENDAJES Y TRACCIONES CONTINUAS.;380;76;;1;;18513.6;25,25
12.35.43;PTP.C5.04 pie equino ( alargamiento del aquiles y fásci;12;YESO, VENDAJES Y TRACCIONES CONTINUAS.;270;54;;1;;13154.4;25,25
12.35.45;PTP.C5.06 Artrodesis pie (medio y/o retropie);12;YESO, VENDAJES Y TRACCIONES CONTINUAS.;380;76;;1;;18513.6;25,25
12.35.49;PTP.C5.10 Plástica de tendon de aquiles;12;YESO, VENDAJES Y TRACCIONES CONTINUAS.;380;76;;1;;18513.6;25,25
12.35.50;PTP.C5.11 Resección/ curetaje tumor òseo benigno;12;YESO, VENDAJES Y TRACCIONES CONTINUAS.;380;76;;1;;18513.6;25,25
12.35.51;PTP.C5.12 Sindactileas complejas;12;YESO, VENDAJES Y TRACCIONES CONTINUAS.;380;76;;1;;18513.6;25,25
12.35.52;PTP.C5.12 Sindactileas complejas;12;YESO, VENDAJES Y TRACCIONES CONTINUAS.;380;76;;1;;18513.6;25,25
12.35.53;PTP. C5.13 Pie Plano Adquirido del Adulto;12;YESO, VENDAJES Y TRACCIONES CONTINUAS.;380;76;;1;;18513.6;25,25
12.35.54;PTP.C5.15 Artroscopia simple de tobillo y pie;12;YESO, VENDAJES Y TRACCIONES CONTINUAS.;380;76;;1;;18513.6;25,25
12.35.57;PTP.C5.18 Amputacion de retropie, tobillo o infrapatela;12;YESO, VENDAJES Y TRACCIONES CONTINUAS.;380;76;;1;;18513.6;25,25
12.35.58;PTP C5.19 - neurorrafia nervios perif.de troncos termin;12;YESO, VENDAJES Y TRACCIONES CONTINUAS.;380;76;;1;;18513.6;25,25
12.35.62;PCM.C5.01 Tratamiento del foco osteomielítico;12;YESO, VENDAJES Y TRACCIONES CONTINUAS.;380;76;;1;;18513.6;25,25
12.35.63;PCM.C5.02 - Trat.quir. ramas del plexo lumbosacro;12;YESO, VENDAJES Y TRACCIONES CONTINUAS.;380;76;;1;;18513.6;25,25
12.35.64;PCM.C503 Sinovectomía de cadera;12;YESO, VENDAJES Y TRACCIONES CONTINUAS.;380;76;;1;;18513.6;25,25
12.35.66;PCM.C5.05 Toillete RTC infectado sin retiro de pròtesis;12;YESO, VENDAJES Y TRACCIONES CONTINUAS.;380;76;;1;;18513.6;25,25
12.35.67;PCM.C5.05 Toillete RTC infectado sin retiro de prótesis;12;YESO, VENDAJES Y TRACCIONES CONTINUAS.;380;76;;1;;18513.6;25,25
12.35.69;CO.C5.03 Toillette quirúrgica en infecciones, sin retir;12;YESO, VENDAJES Y TRACCIONES CONTINUAS.;380;76;;1;;18513.6;25,25
12.36.02;MS.C6.02 Artroscopia simple de muñeca;12;YESO, VENDAJES Y TRACCIONES CONTINUAS.;450;90;;1;;21924;25,25
12.36.05;MS.C6.05 Artroplastía no protesica de codo;12;YESO, VENDAJES Y TRACCIONES CONTINUAS.;450;90;;2;;25578;25,25
12.36.07;MS.C6.07 Tratamiento de la luxación inv. acromio/clavic;12;YESO, VENDAJES Y TRACCIONES CONTINUAS.;450;90;;1;;21924;25,25
12.36.11;MS.C6.11 Fracturas expuestas de húmero y antebrazo;12;YESO, VENDAJES Y TRACCIONES CONTINUAS.;450;90;;2;;25578;25,25
12.36.16;MS.C6.16 Sindactílea compleja;12;YESO, VENDAJES Y TRACCIONES CONTINUAS.;450;90;;1;;21924;25,25
12.36.17;MS.C6.17- Polidactílea Compleja (2 o+dedos aument.cat.);12;YESO, VENDAJES Y TRACCIONES CONTINUAS.;450;90;;2;;25578;25,25
12.36.21;MS.C6.21 Reparación manguito rotador en hombro a cielo;12;YESO, VENDAJES Y TRACCIONES CONTINUAS.;450;90;;2;;25578;25,25
12.36.23;MS.C6.23 LIBERACION ARTICULAR DEL HOMBRO;12;YESO, VENDAJES Y TRACCIONES CONTINUAS.;450;90;;2;;25578;25,25
12.36.28;MS.C6.28 Resecciones tumorales òseas segmentarias;12;YESO, VENDAJES Y TRACCIONES CONTINUAS.;450;90;;2;;25578;25,25
12.36.29;MS.C6.29 Artroscopía simple de Hombro;12;YESO, VENDAJES Y TRACCIONES CONTINUAS.;450;90;;1;;21924;25,25
12.36.31;Ms.C6. 31 Pseudoartrosis de escafoides;12;YESO, VENDAJES Y TRACCIONES CONTINUAS.;450;90;;2;;25578;25,25
12.36.36;MS.C6.36 Osteosíntesis hombro (extraarticular) o supra;12;YESO, VENDAJES Y TRACCIONES CONTINUAS.;450;90;;1;;21924;25,25
12.36.37;RO.C6.01 Osteosíntesis de un platillo tibial;12;YESO, VENDAJES Y TRACCIONES CONTINUAS.;450;90;;2;;25578;25,25
12.36.39;RO.C6.03 Osteotomía valguizante de tibia;12;YESO, VENDAJES Y TRACCIONES CONTINUAS.;450;90;;1;;21924;25,25
12.36.39;RO.C6.03 Osteotomía valguizante de tibia;12;YESO, VENDAJES Y TRACCIONES CONTINUAS.;450;90;;2;;25578;25,25
12.36.40;RO.C6.04 Artroscopia simple;12;YESO, VENDAJES Y TRACCIONES CONTINUAS.;450;90;;2;;25578;25,25
12.36.46;PTP.C6.04 Tratamiento Hallux valgo complejo (partes bla;12;YESO, VENDAJES Y TRACCIONES CONTINUAS.;450;90;;2;;25578;25,25
12.36.47;PTP.C6.05 Resección osea en Pandiafisitis;12;YESO, VENDAJES Y TRACCIONES CONTINUAS.;450;90;;2;;25578;25,25
12.36.49;PTP.C6.07 Osteosíntesis trimaleolar de tobillo;12;YESO, VENDAJES Y TRACCIONES CONTINUAS.;450;90;;2;;25578;25,25
12.36.50;PTP.C6.08 Artrodesis de tobillo a cielo abierto;12;YESO, VENDAJES Y TRACCIONES CONTINUAS.;450;90;;2;;25578;25,25
12.36.52;PTP.C6.10 Osteosintesis pilon tibial;12;YESO, VENDAJES Y TRACCIONES CONTINUAS.;450;90;;2;;25578;25,25
12.36.54;PTP. C6.121 -trat.quirurgico de la metatarsalgia centra;12;YESO, VENDAJES Y TRACCIONES CONTINUAS.;450;90;;2;;25578;25,25
12.36.57;PTP C6.15 Artroscopia simple de tobillo;12;YESO, VENDAJES Y TRACCIONES CONTINUAS.;450;90;;2;;25578;25,25
12.36.58;PCM.C6.01 Artroscopía de cadera;12;YESO, VENDAJES Y TRACCIONES CONTINUAS.;450;90;;2;;25578;25,25
12.36.59;PCM.C6.02 Osteosíntesis de Fémur (excepto cadera);12;YESO, VENDAJES Y TRACCIONES CONTINUAS.;450;90;;2;;25578;25,25
12.36.60;PCM.C6.03 Resección tumor cavitario con relleno injerto;12;YESO, VENDAJES Y TRACCIONES CONTINUAS.;450;90;;1;;21924;25,25
12.36.61;PCM.C604 REEMPLAZO PARCIAL DE CADERA;12;YESO, VENDAJES Y TRACCIONES CONTINUAS.;450;90;;2;;25578;25,25
12.36.63;CO.C6.01 Retiro de material de osteosíntesis correspond;12;YESO, VENDAJES Y TRACCIONES CONTINUAS.;450;90;;2;;25578;25,25
12.36.64;CO.C6.02 Toillete quirúrgica en infecciones con retiro;12;YESO, VENDAJES Y TRACCIONES CONTINUAS.;450;90;;2;;25578;25,25
12.37.06;MS.C7.06- RESECCIÓN ONCOLOGICAS DE TUMORES MALIGNOS;12;YESO, VENDAJES Y TRACCIONES CONTINUAS.;700;140;;2;;39788;25,25
12.37.13;MS.C7.13 Trat. del traumatismo grave Grado I de Miembro;12;YESO, VENDAJES Y TRACCIONES CONTINUAS.;700;140;;2;;39788;25,25
12.37.14;MS.C7.14 Artroscopía compleja de hombro;12;YESO, VENDAJES Y TRACCIONES CONTINUAS.;700;140;;2;;39788;25,25
12.37.15;MS.C7.15 Pseudoartrosis biòsea de antebrazo;12;YESO, VENDAJES Y TRACCIONES CONTINUAS.;700;140;;2;;39788;25,25
12.37.18;MS.C7.18 Osteosíntesis con compromiso intraarticular;12;YESO, VENDAJES Y TRACCIONES CONTINUAS.;700;140;;2;;39788;25,25
12.37.20;RO.C7.02 Artroscopia de rodilla Compleja ( LCA , LCP);12;YESO, VENDAJES Y TRACCIONES CONTINUAS.;700;140;;2;;39788;25,25
12.37.22;RO.C7.04 Osteosíntesis de ambos platillos;12;YESO, VENDAJES Y TRACCIONES CONTINUAS.;700;140;;2;;39788;25,25
12.37.23;PTP.C7.01 Fractura expuesta de pierna + osteosíntesis;12;YESO, VENDAJES Y TRACCIONES CONTINUAS.;700;140;;2;;39788;25,25
12.37.27;PTP.C7.05 Tratamiento Hállux valgo complejo;12;YESO, VENDAJES Y TRACCIONES CONTINUAS.;700;140;;2;;39788;25,25
12.37.28;PTP.C7.06 Artroscopia compleja de tobillo;12;YESO, VENDAJES Y TRACCIONES CONTINUAS.;700;140;;2;;39788;25,25
12.37.29;P+P C7 .08. triple artrodesis;12;YESO, VENDAJES Y TRACCIONES CONTINUAS.;700;140;;2;;39788;25,25
12.37.30;PTP.C7.09 Resección oncológica q comprometa un;12;YESO, VENDAJES Y TRACCIONES CONTINUAS.;700;140;;2;;39788;25,25
12.37.32;PCM.C7.01 Osteosíntesis de cadera o supra / intercondil;12;YESO, VENDAJES Y TRACCIONES CONTINUAS.;700;140;;2;;39788;25,25
12.37.33;PCM.C7.02.osteotomia de cadera o femur distal;12;YESO, VENDAJES Y TRACCIONES CONTINUAS.;700;140;;2;;39788;25,25
12.37.37;PCM.C7.06 Fracturas peri protésicas sin revisión protés;12;YESO, VENDAJES Y TRACCIONES CONTINUAS.;700;140;;2;;39788;25,25
12.37.39;PCM. C7.08 - Resección oncologica de tumor;12;YESO, VENDAJES Y TRACCIONES CONTINUAS.;700;140;;2;;39788;25,25
12.37.41;CO.C7.01 Disectomía Lumbar simple x vía posterior;12;YESO, VENDAJES Y TRACCIONES CONTINUAS.;700;140;;2;;39788;25,25
12.38.01;MS.C8.01-reemplazo protésico de hombro;12;YESO, VENDAJES Y TRACCIONES CONTINUAS.;900;180;;2;;51156;25,25
12.38.08;MS.C8.08 Trat. del Traumatismo grave grado II;12;YESO, VENDAJES Y TRACCIONES CONTINUAS.;900;180;;2;;51156;25,25
12.38.11;RO.C8.02 Revisión artroscópica (LCA-LCP);12;YESO, VENDAJES Y TRACCIONES CONTINUAS.;900;180;;1;;43848;25,25
12.38.12;RO.C8.03 RTR o undicondular;12;YESO, VENDAJES Y TRACCIONES CONTINUAS.;900;180;;2;;51156;25,25
12.38.16;PTP.C8.03-ARTRODESIS PANASTRAGALINA;12;YESO, VENDAJES Y TRACCIONES CONTINUAS.;900;180;;2;;51156;25,25
12.38.17;PTP.C8.04 Tratamiento del pie plano complejo adquirido;12;YESO, VENDAJES Y TRACCIONES CONTINUAS.;900;180;;2;;51156;25,25
12.38.18;PCM.C8.01 OSTEOSINTESIS MACIZO ACETABULAR X UNICA VIA;12;YESO, VENDAJES Y TRACCIONES CONTINUAS.;900;180;;2;;51156;25,25
12.38.19;PCM.C8.02 Extracción prot. cadera;12;YESO, VENDAJES Y TRACCIONES CONTINUAS.;900;180;;2;;51156;25,25
12.38.22;PCM.C8.05 Osteotomía de pelvis;12;YESO, VENDAJES Y TRACCIONES CONTINUAS.;900;180;;2;;51156;25,25
12.38.23;PCM.C8.06 Artroplastía total de cadera;12;YESO, VENDAJES Y TRACCIONES CONTINUAS.;900;180;;2;;51156;25,25
12.38.25;PCMC08.08 Resección oncológica tumores malignos;12;YESO, VENDAJES Y TRACCIONES CONTINUAS.;900;180;;2;;51156;25,25
12.38.27;CO.C8.02 Espondilolistesis, artrodesis instrumentada;12;YESO, VENDAJES Y TRACCIONES CONTINUAS.;900;180;;2;;51156;25,25
12.38.28;CO.C8.03 Canal estrecho degenerativo;12;YESO, VENDAJES Y TRACCIONES CONTINUAS.;900;180;;2;;51156;25,25
12.39.03;MS.C9.03 Injertos libres vascularizados;12;YESO, VENDAJES Y TRACCIONES CONTINUAS.;1250;250;;2;;71050;25,25
12.39.05;presupuesto aut. Dr. Schroh Ruben 26/11/10;12;YESO, VENDAJES Y TRACCIONES CONTINUAS.;8534;;;;;84145.2;11
12.39.08;MS.C9.09 revisión artroplastía protésica de hombro;12;YESO, VENDAJES Y TRACCIONES CONTINUAS.;1250;250;;2;;71050;25,25
12.39.09;RO.C9.01 Revisión RTR en un tiempo;12;YESO, VENDAJES Y TRACCIONES CONTINUAS.;1250;250;;2;;71050;25,25
12.39.10;RO.C9.02 1º tiempo reconversión de RTR inf. + espaciado;12;YESO, VENDAJES Y TRACCIONES CONTINUAS.;1250;250;;2;;71050;25,25
12.39.13;P+P C9.01 REVISIÓN ARTROPLASTIA;12;YESO, VENDAJES Y TRACCIONES CONTINUAS.;1250;250;;2;;71050;25,25
12.39.15;PTP.C9.03 Colgajos libres Vascularizados.c/s neurorrafi;12;YESO, VENDAJES Y TRACCIONES CONTINUAS.;1250;250;;2;;71050;25,25
12.39.18;PCM.C9.02 Revisión protèsica en un tiempo;12;YESO, VENDAJES Y TRACCIONES CONTINUAS.;1250;250;;2;;71050;25,25
12.39.19;PCM.C9.03 FRACTURA PERI PROTESICA CON REV. DE LA PROTES;12;YESO, VENDAJES Y TRACCIONES CONTINUAS.;1250;250;;2;;71050;25,25
12.39.20;PCM.C9.04 PRIMER TIEMPO DE RECON. PROTESIS INFEC;12;YESO, VENDAJES Y TRACCIONES CONTINUAS.;1250;250;;2;;71050;25,25
12.39.21;PCM.C9.05 2do tiempo de reconversión protésica infectad;12;YESO, VENDAJES Y TRACCIONES CONTINUAS.;1250;250;;2;;71050;25,25
12.39.22;PCM.C9.06 RTC primario en displastias de cadera con pla;12;YESO, VENDAJES Y TRACCIONES CONTINUAS.;1250;250;;2;;71050;25,25
12.39.23;PCM.C9.07 Resección oncológica con reconstrucción;12;YESO, VENDAJES Y TRACCIONES CONTINUAS.;1250;250;;2;;71050;25,25
12.39.24;CO.C9.01- CANAL ESTRECHO DEGENERATIVO;12;YESO, VENDAJES Y TRACCIONES CONTINUAS.;1250;250;;2;;71050;25,25
12.39.25;CO.C9.02 espondiolisis artrodesis;12;YESO, VENDAJES Y TRACCIONES CONTINUAS.;1250;250;;2;;71050;25,25
12.39.26;CO.C9.03- DISECTOMIA CERVICAL;12;YESO, VENDAJES Y TRACCIONES CONTINUAS.;1250;250;;2;;71050;25,25
12.39.27;CO.C9.C04 disectomia lumbar;12;YESO, VENDAJES Y TRACCIONES CONTINUAS.;1250;250;;2;;71050;25,25
12.39.30;CO.C9.07 Artrodesis cervical anterior c/ instrumentació;12;YESO, VENDAJES Y TRACCIONES CONTINUAS.;1250;250;;2;;71050;25,25
12.39.33;CO.C9.11 Artrodesis lumbar anterior con y sin instrumen;12;YESO, VENDAJES Y TRACCIONES CONTINUAS.;1250;250;;2;;71050;25,25
12.39.34;CO.C9.12-artrodesis 360° en 1 o + niveles p/via pos t.;12;YESO, VENDAJES Y TRACCIONES CONTINUAS.;1250;250;;2;;71050;25,25
12.40.16;Disp.N° 946/12 Afil.CHAVES PATRICIA IRENE;12;YESO, VENDAJES Y TRACCIONES CONTINUAS.;12250;;;;;120785;11
13.01.01;Escisión de quiste dermoideo sacrocoxígeo;13;OPERACIONES EN LA PIEL Y TEJIDO SUBCUTANEO;80.25;30;80.25;1;141;13141.3;01,01,01,02
13.01.02;ESCISION AMPLIA DE LESION DE PIEL COMPRENDIENDO ESTRUCT;13;OPERACIONES EN LA PIEL Y TEJIDO SUBCUTANEO;61.5;30;80.25;1;120;11063.6;01,01,01,02
13.01.03;ESCISION RADICAL DE ANGIOMA CAVERNOSO MAYOR DE 5 CM. DE;13;OPERACIONES EN LA PIEL Y TEJIDO SUBCUTANEO;80.25;30;80.25;1;177;15040.6;01,01,01,02
13.01.04;ESCISION LOCAL DE LESION DE PIEL O GLANDULA DE PIEL CIC;13;OPERACIONES EN LA PIEL Y TEJIDO SUBCUTANEO;21.75;;;;45;3499.11;01,01,01,02
13.01.05;INCISION Y DRENAJE DE ABSCESO SUPERFICIAL, HIDROSADENIT;13;OPERACIONES EN LA PIEL Y TEJIDO SUBCUTANEO;12.75;;;;26;2031.19;01,01,01,02
13.01.06;DESTRUCCION DE LESION DE PIEL (VERRUGA, QUERATOSIS SENI;13;OPERACIONES EN LA PIEL Y TEJIDO SUBCUTANEO;9;;;;26;1837.24;01,01,01,02
13.01.07;DESTRUCCION DE LESION DE PIEL (VERRUGA, QUERATOSIS SENI;13;OPERACIONES EN LA PIEL Y TEJIDO SUBCUTANEO;12.75;;;;45;3033.63;01,01,01,02
13.01.08;BIOPSIA DE PIEL Y/O TEJIDO CELULAR SUBCUTANEO Y/O MUSCU;13;OPERACIONES EN LA PIEL Y TEJIDO SUBCUTANEO;12.75;;;;26;2031.19;01,01,01,02
13.01.09;ESCISION DE UÑA LECHO O REPLIEGUE UNGUEAL.;13;OPERACIONES EN LA PIEL Y TEJIDO SUBCUTANEO;21.75;;;;26;2496.67;01,01,01,02
13.01.10;SUTURA DE HERIDA.;13;OPERACIONES EN LA PIEL Y TEJIDO SUBCUTANEO;30;;;;45;3925.8;01,01,01,02
13.01.12;ESCISION DE TUMOR DE TEJIDO CELULAR SUBCUTANEO (LIPOMA;13;OPERACIONES EN LA PIEL Y TEJIDO SUBCUTANEO;21.75;;;;47;3604.63;01,01,01,02
13.01.13;ESCISION DE LIPOMA GIGANTE (CON RECONOCIMIENTO PREVIO D;13;OPERACIONES EN LA PIEL Y TEJIDO SUBCUTANEO;61.5;30;80.25;1;118;10958.1;01,01,01,02
13.01.14;INCISION Y DRENAJE DE ABSCESO PROFUNDO SUBAPONEUROTICO.;13;OPERACIONES EN LA PIEL Y TEJIDO SUBCUTANEO;30;;;;45;3925.8;01,01,01,02
13.01.15;IMPLANTACION DE "PELLETS" EN TEJIDO SUBCUTANEO.;13;OPERACIONES EN LA PIEL Y TEJIDO SUBCUTANEO;;;;;26;1371.76;01,01,01,02
13.02.01;INJERTO LIBRE DE GRASA, DERMIGRASA O PIEL TOTAL.;13;CIRUGIA PLASTICA;80.25;30;80.25;1;218;17203.8;01,01,01,02
13.02.02;PREPARACION DE COLGAJO TUBULADO, EN UNO O DOS TIEMPOS.;13;CIRUGIA PLASTICA;80.25;30;80.25;1;177;15040.6;01,01,01,02
13.02.03;ADELGAZAMIENTO DE PIEL Y TRANSPLANTE DE GRASA.;13;CIRUGIA PLASTICA;80.25;30;80.25;1;118;11927.8;01,01,01,02
13.02.04;CIERRE PLASTICO DE HERIDA POR COLGAJO.;13;CIRUGIA PLASTICA;61.5;30;80.25;1;176;14018.1;01,01,01,02
13.02.05;TRANSPORTE DE TUBO POR TIEMPO OPERATORIO.;13;CIRUGIA PLASTICA;61.5;30;80.25;1;118;10958.1;01,01,01,02
13.02.06;OPERACION RELAJANTE EN Z (ZETAPLASTIA).;13;CIRUGIA PLASTICA;61.5;30;80.25;1;176;14018.1;01,01,01,02
13.02.07;TOMO Y COLOCACION DE INJERTO DE PIEL DERMATOMO.;13;CIRUGIA PLASTICA;39.75;30;80.25;1;74;7511.71;01,01,01,02
13.02.08;DERMABRASION (EN CASO DEBIDAMENTE AUTORIZADO POR LA OBR;13;CIRUGIA PLASTICA;39.75;30;80.25;1;118;9833.15;01,01,01,02
13.02.09;INJERTO PINCH (POR SESION OPERATORIA).;13;CIRUGIA PLASTICA;39.75;30;80.25;1;118;9833.15;01,01,01,02
13.02.10;DIFERIDO DEL COLGAJO, SEPARACION DEL PEDICULO.;13;CIRUGIA PLASTICA;39.75;30;80.25;1;176;12893.2;01,01,01,02
13.02.11;PREPARACION DE COLGAJO Y CIERRE PLASTICO POR ROTACION E;13;CIRUGIA PLASTICA;80.25;30;80.25;1;177;15040.6;01,01,01,02
13.02.12;Colgajos miocutaneos con anastmosis vascular;13;CIRUGIA PLASTICA;;1;;1;;51.72;01
13.03.01;ATENCION DEL PACIENTE CON QUEMADURAS DE 2º Y 3º GRADO,;13;TRATAMIENTO DE QUEMADURAS;39.75;;;;20;3111.07;01,01,01,02
13.03.02;ATENCION DEL PACIENTE CON QUEMADURAS DE 2º Y 3º GRADO,;13;TRATAMIENTO DE QUEMADURAS;80.25;;;;30;5733.33;01,01,01,02
13.03.03;ATENCION DEL PACIENTE CON QUEMADURAS DE 2º Y 3º GRADO Q;13;TRATAMIENTO DE QUEMADURAS;101.25;;;;40;7347.05;01,01,01,02
13.03.04;ESCISION DE ESCARAS POSTQUEMADURAS Y/O CURACION DEL PAC;13;TRATAMIENTO DE QUEMADURAS;39.75;30;80.25;1;160;12049.1;01,01,01,02
14.01.01;TESTIFICACION TOTAL.;14;TRATAMIENTO DE QUEMADURAS;15;;;;25;780.8;04,03
14.01.02;TESTIFICACION PARCIAL. HAST;14;TRATAMIENTO DE QUEMADURAS;6;;;;18;405.84;04,03
14.01.03;TESTIFICACION POR DROGAS, POR VISITA.;14;TRATAMIENTO DE QUEMADURAS;1.5;;;;5;107.31;04,03
14.01.04;TRATAMIENTO DESENSIBILIZANTE. INCLUYE PROVISION DE ALER;14;TRATAMIENTO DE QUEMADURAS;6;;;;20;429.22;04,03
14.01.60;Testificación total - Aprox. 40 alergenos -;14;TRATAMIENTO DE QUEMADURAS;;1;;1;;51.72;01
15.01.01;BIOPSIA POR INCISION O POR PUNCION. GANGLIO, LESION DE;15;TRATAMIENTO DE QUEMADURAS;26.25;;;;4;1568.69;19,06
15.01.02;ESTUDIO MACRO Y MICROSCOPICO DE PIEZA OPERATORIA SIMPLE;15;TRATAMIENTO DE QUEMADURAS;39.75;;;;8;2477.95;19,06
15.01.03;ESTUDIO MACRO Y MICROSCOPICO DE PIEZA DE RESECCION ONCO;15;TRATAMIENTO DE QUEMADURAS;66;;;;9;3888.36;19,06
15.01.04;BIOPSIA POR CONGELACION Y ESTUDIO DIFERIDO DEL CORTE.;15;TRATAMIENTO DE QUEMADURAS;54;;;;8;3214.96;19,06
15.01.05;ESTUDIO BIOPSICO SERIADO Y SEMISERIADO, MINIMO 15. CON;15;TRATAMIENTO DE QUEMADURAS;54;;;;8;3214.96;19,06
15.01.06;CITOLOGIA EXFOLIATIVA ONCOLOGICA.;15;TRATAMIENTO DE QUEMADURAS;21.75;;;;4;1335.95;19,06
15.01.07;CITOLOGIA EXFOLIATIVA HORMONAL. CADA 4 EXTENDIDOS.;15;TRATAMIENTO DE QUEMADURAS;21.75;;;;4;1335.95;19,06
15.01.08;NECROPSIA DE NEONATO O LACTANTE. CON;15;TRATAMIENTO DE QUEMADURAS;212.25;;;;74;14881.8;19,06
15.01.09;NECROPSIA DEL JOVEN Y DEL ADULTO. CON;15;TRATAMIENTO DE QUEMADURAS;266.25;;;;98;18940.9;19,06
15.01.10;CITOLOGIA EXFOLIATIVA ONCOLOGICA BRONQUIAL. POR;15;TRATAMIENTO DE QUEMADURAS;36.75;;;;8;2322.79;19,06
15.01.11;CITOLOGIA EXFOLIATIVA ONCOLOGICA DE LIQUIDOS. LAVADOS,;15;TRATAMIENTO DE QUEMADURAS;26.25;;;;4;1568.69;19,06
15.01.17;HELICOBACTER PYLORI;15;TRATAMIENTO DE QUEMADURAS;;1;;1;;51.72;01
15.02.01;Receptores estrogénicos y Progesterona;15;TRATAMIENTO DE QUEMADURAS;80;;;;;788.8;11
15.02.02;Anticuerpos monoclonales con tecnica inmunohistiquimica;15;TRATAMIENTO DE QUEMADURAS;;1;;1;;51.72;01
15.02.03;ERB 2;15;TRATAMIENTO DE QUEMADURAS;70;;;;;690.2;11
15.02.04;helicobacter pylori;15;TRATAMIENTO DE QUEMADURAS;165;;;;;1353;30
16.01.01;ANESTESIA MINIMA PARA PROCEDIMIENTOS DIAGNOSTICOS O TER;16;TRATAMIENTO DE QUEMADURAS;120.38;;;;20;4975.98;04,02
16.01.02;ANALGESIA REGIONAL CONTINUA. CADA;16;TRATAMIENTO DE QUEMADURAS;30;;;;30;2559.9;04,02
16.01.03;ANALGESIA REGIONAL POR BLOQUEO SUBARACNOIDEO CON FENOL;16;TRATAMIENTO DE QUEMADURAS;15;;;;7;857.87;04,02
16.01.04;HIPOTERMIA CONTROLADA Y/O NEUROLEPTOANALGESIA. POR;16;TRATAMIENTO DE QUEMADURAS;37.5;;;;35;3067.98;04,02
16.01.05;INTUBACION ENDOTRAQUEAL (FUERA DEL ACTO OPERATORIO).;16;TRATAMIENTO DE QUEMADURAS;7.5;;;;10;771.88;04,02
17.01.01;ELECTROCARDIOGRAMA EN CONSULTORIO (CON O SIN PRUEBA DE;17;TRATAMIENTO DE QUEMADURAS;12;;;;30;741.54;21,23
17.01.02;ELECTROCARDIOGRAMA A DOMICILIO.;17;TRATAMIENTO DE QUEMADURAS;15;;;;30;839.25;21,23
17.01.03;ELECTROGRAMA DEL HAZ DE HIS. INCL;17;TRATAMIENTO DE QUEMADURAS;45;;;;80;2400.85;04,03
17.01.04;ELECTROCARDIOGRAMA DE HOLTER (POR 24 HORAS) UN C;17;TRATAMIENTO DE QUEMADURAS;60;;;;180;4058.4;04,03
17.01.05;SOBREESTIMULACION CARDIACA (CON ELECTROCARDIOGRAMA INTR;17;TRATAMIENTO DE QUEMADURAS;37.5;;;;80;2156.58;04,03
17.01.06;ELECTROCARDIOGRAMA CON DERIVACION INTRAESOFAGICA.;17;TRATAMIENTO DE QUEMADURAS;15;;;;30;839.25;21,23
17.01.07;VECTOCARDIOGRAMA.;17;TRATAMIENTO DE QUEMADURAS;9;;;;25;585.38;04,03
17.01.08;FONOMECANOCARDIOGRAMA, CON UNA DERIVACION ELECTROCARDIO;17;TRATAMIENTO DE QUEMADURAS;15;;;;30;839.25;04,03
17.01.09;MONITORAJE OPERATORIO (INCLUYE EL CONTROL OSCILOSCOPICO;17;TRATAMIENTO DE QUEMADURAS;40;;;;100;2471.8;21,23
17.01.10;CARDIOVERSION EN PACIENTE NO INTERNADO EN SALA DE TERAP;17;TRATAMIENTO DE QUEMADURAS;7.5;;;;20;478.08;04,03
17.01.11;ERGOMETRIA.;17;TRATAMIENTO DE QUEMADURAS;35;;;;70;1958.25;21,23,30
17.01.12;CURVAS DE DILUCION CON COLORANTES E HIDROGENO.;17;TRATAMIENTO DE QUEMADURAS;22.5;;;;30;1083.53;04,03
17.01.13;OSCILOMETRIA.;17;TRATAMIENTO DE QUEMADURAS;;;;;;;04,03
17.01.14;PLETISMOGRAFIA.;17;TRATAMIENTO DE QUEMADURAS;;;;;;;04
17.01.15;FLUXOMETRIA POR EFECTO DOPPER CON REGISTRO GRAFICO.;17;TRATAMIENTO DE QUEMADURAS;7.5;;;;20;478.08;04,03
17.01.16;TERMODILUCION.;17;TRATAMIENTO DE QUEMADURAS;4.5;;;;20;380.37;04,03
17.01.17;REHABILITACION DEL CARDIOPATA. ARANCEL GLOBAL POR UN ME;17;TRATAMIENTO DE QUEMADURAS;60;;;;120;3357;21,23
17.01.18;ELECTROCARDIOGRAMA DE HOLTER POR 24 HORAS DOS CANALES.;17;TRATAMIENTO DE QUEMADURAS;60;;;;300;5461.2;21,23
17.01.19;tilt test;17;TRATAMIENTO DE QUEMADURAS;384;;;;;3148.8;30
17.01.20;test de caminata;17;TRATAMIENTO DE QUEMADURAS;200;;;;;1640;30
17.01.21;Control de marcapasos;17;TRATAMIENTO DE QUEMADURAS;;1;;1;;51.72;01
17.01.22;spect esfuerzo cardíaco;17;TRATAMIENTO DE QUEMADURAS;920;;;;;7544;30
17.01.23;control de marcapaso;17;TRATAMIENTO DE QUEMADURAS;150;;;;;1479;11
17.01.51;MAPA;17;TRATAMIENTO DE QUEMADURAS;460;;;;;3772;30
17.01.60;CINECORONARIOGRAFIA CON VENTRICULOGRAMA s/*p 8/13;17;TRATAMIENTO DE QUEMADURAS;3400;;;;;10676;32
17.02.01;Estudio electrofisiologico del Haz de His. (iguales;17;TRATAMIENTO DE QUEMADURAS;;;;;;;01
17.02.02;Estudio electrofisiologico completo cardiaco con prueba;17;TRATAMIENTO DE QUEMADURAS;;;;;;;01
17.02.03;Ablacion por radiofrecuencia de arritmias cardiacas;17;TRATAMIENTO DE QUEMADURAS;;;;;;;01
18.01.01;ECOCARDIOGRAMA: INCLUYE ELECTROCARDIOGRAMA SINCRONICO D;18;TRATAMIENTO DE QUEMADURAS;27;;;;51;2058.51;13,14
18.01.02;ECOCARDIOGRAMA COMPLETO, CON REGISTRO CONTINUO O VIDEO-;18;TRATAMIENTO DE QUEMADURAS;27;;;;58;2220.35;13,14
18.01.03;ECOCARDIOGRAMA COMPLETO, CON ECOSCOPIA (MODO B).;18;TRATAMIENTO DE QUEMADURAS;33;;;;71;2716.33;21,22
18.01.04;ECOGRAFIA TOCOGINECOLOGICA.;18;TRATAMIENTO DE QUEMADURAS;27;;;;58;2220.35;13,14
18.01.06;ECOGRAFIA MAMARIA UNI O BILATERAL.;18;TRATAMIENTO DE QUEMADURAS;27;;;;51;2058.51;13,14
18.01.07;ECOGRAFIA CEREBRAL (CON MODO B Y A).;18;TRATAMIENTO DE QUEMADURAS;27;;;;51;2058.51;13,14
18.01.09;ECOGRAFIA OFTALMOLOGICA UNI O BILATERAL.;18;TRATAMIENTO DE QUEMADURAS;27;;;;37;1734.83;13,14
18.01.10;ECOGRAFIA TIROIDEA.;18;TRATAMIENTO DE QUEMADURAS;18;;;;34;1372.34;13,14
18.01.11;ECOGRAFIA DE TESTICULOS.;18;TRATAMIENTO DE QUEMADURAS;18;;;;24;1141.14;13,14
18.01.12;ECOGRAFIA COMPLETA DE ABDOMEN.;18;TRATAMIENTO DE QUEMADURAS;37.5;;;;71;2862.9;13,14
18.01.13;ECOGRAFIA HEPATICA, BILIAR, ESPLENICA O TORACICA.;18;TRATAMIENTO DE QUEMADURAS;27;;;;71;2520.91;13,14
18.01.14;ECOGRAFIA DE VEJIGA O PROSTATA.;18;TRATAMIENTO DE QUEMADURAS;18;;;;51;1765.38;13,14
18.01.16;ECOGRAFIA RENAL BILATERAL.;18;TRATAMIENTO DE QUEMADURAS;27;;;;61;2289.71;13,14
18.01.17;ECOGRAFIA DE AORTA ABDOMINAL DINAMICA Y ESTATICA. (MOD;18;TRATAMIENTO DE QUEMADURAS;27;;;;51;2058.51;13,14
18.01.18;ECOGRAFIA PANCREATICA O SUPRARRENAL.;18;TRATAMIENTO DE QUEMADURAS;33;;;;51;2253.93;13,14
18.01.19;ecografia prostatica-vesiculas seminales con transducto;18;TRATAMIENTO DE QUEMADURAS;249;;;;;2041.8;30
18.01.20;ecografia endovaginal / transrectal - con traductor;18;TRATAMIENTO DE QUEMADURAS;249;;;;;2041.8;30
18.01.21;ECOGRAFIA PARA LA AMNIOCENTESIS.;18;TRATAMIENTO DE QUEMADURAS;18;;;;51;1765.38;13,14
18.01.22;ecografia de cadera;18;TRATAMIENTO DE QUEMADURAS;134;;;;;1098.8;30
18.01.23;ecografia musculo esquelético;18;TRATAMIENTO DE QUEMADURAS;134;;;;;1098.8;30
18.01.53;Ecodoppler transesofagico;18;TRATAMIENTO DE QUEMADURAS;;1;;1;;51.72;01
18.01.61;ECOGRAFIA TRANSVAGINAL TRANSRECTAL;18;TRATAMIENTO DE QUEMADURAS;;1;;1;;51.72;01
18.01.62;Ecografía obstetrica 3D;18;TRATAMIENTO DE QUEMADURAS;307;;;;;2517.4;30
18.01.69;Eco doppler color todas las regiones / cualquier region;18;TRATAMIENTO DE QUEMADURAS;;1;;1;;51.72;01
18.02.01;<Ecodoppler periferico blanco y negro;18;TRATAMIENTO DE QUEMADURAS;;1;;1;;51.72;01
18.02.02;ecodoppler periferico color;18;TRATAMIENTO DE QUEMADURAS;440;;;;;3608;30
18.02.03;Ecodoppler color curculacion portal-seprahepatico-cava.;18;TRATAMIENTO DE QUEMADURAS;;1;;1;;51.72;01
18.02.04;Ecodoppler color esplenico -cava.;18;TRATAMIENTO DE QUEMADURAS;;1;;1;;51.72;01
18.03.01;ecodoppler cardíaco color;18;TRATAMIENTO DE QUEMADURAS;600;;;;;4920;30
18.03.02;eco- stress CON EJERCICIO;18;TRATAMIENTO DE QUEMADURAS;1200;;;;;9840;30
18.04.01;Eco transesofágico;18;TRATAMIENTO DE QUEMADURAS;115;;;;574.55;10462;21,23
18.05.01;ecodoppler cardiaco fetal color;18;TRATAMIENTO DE QUEMADURAS;690;;;;;5658;30
18.05.02;Ecodoppler transcraneano (valor acept.s/mail 25/07/11;18;TRATAMIENTO DE QUEMADURAS;500;;;;;4930;11
18.06.01;ecografia de partes blandas;18;TRATAMIENTO DE QUEMADURAS;134;;;;;1098.8;30
18.07.01;Puncion de tiroides bajo control ecografico.;18;TRATAMIENTO DE QUEMADURAS;590.62;;;;;5823.51;11
18.07.02;Punción biopsia bajo eco (inc. eco) - de tiroides-;18;TRATAMIENTO DE QUEMADURAS;;1;;1;;51.72;01
18.50.26;Reserva Hemodinámica Cerebral;18;TRATAMIENTO DE QUEMADURAS;;1;;1;;51.72;01
18.50.50;Ecografia de translucencia nucal;18;TRATAMIENTO DE QUEMADURAS;;1.1;;1;;56.89;01
19.01.01;METABOLISMO BASAL.;19;TRATAMIENTO DE QUEMADURAS;3;;;;5;156.16;04,03
19.01.02;REGIMEN INDIVIDUAL CON PREPARACION DE MENU DIETETICO.;19;TRATAMIENTO DE QUEMADURAS;3.75;;;;;122.14;04,03
19.01.03;Preparacion de dieta parenteral y/o enteral;19;TRATAMIENTO DE QUEMADURAS;;1;;1;;51.72;01
20.01.01;.EST DE BERNSTEIN - PRUEBA DE PERFUSION ESOFAGICA.;20;TRATAMIENTO DE QUEMADURAS;7.5;;;;7;326.11;04,03
20.01.02;SONDEO GASTRICO FRACCIONADO PARA TEST SECRETORIO. PRUEB;20;TRATAMIENTO DE QUEMADURAS;15;;;;18;698.97;04,03
20.01.03;SONDEO GASTRICO EN AYUNAS PARA DETERMINACION DE QUIMISM;20;TRATAMIENTO DE QUEMADURAS;4.5;;;;18;356.99;04,03
20.01.04;SONDEO CON ELECTRODO INTRAGASTRICO PARA DETERMINACION D;20;TRATAMIENTO DE QUEMADURAS;4.5;;;;18;356.99;04,03
20.01.05;SONDEO GASTRICO PARA TEST SECRETORIO CON INSULINA (TEST;20;TRATAMIENTO DE QUEMADURAS;18;;;;7;668.09;04,03
20.01.06;SONDEO DUODENAL DIAGNOSTICO CON CONTROL RADIOSCOPICO DE;20;TRATAMIENTO DE QUEMADURAS;18;;;;15;761.61;04,03
20.01.07;SONDAJE DUODENAL CON SONDA DE DOBLE LUZ, CON CONTROL RA;20;TRATAMIENTO DE QUEMADURAS;22.5;;;;18;943.25;04,03
20.01.08;CLEARENCE DE BROMOSULFATELEINA.;20;TRATAMIENTO DE QUEMADURAS;15;;;;15;663.9;04,03
20.01.09;TEST DE RETENCION DE BSF A LOS 45 MINUTOS MAS PRUEBA DE;20;TRATAMIENTO DE QUEMADURAS;7.5;;;;15;419.63;04,03
20.01.10;TEST DE RETENCION DE BROMOSULFTALEINA A LOS 45 MINUTOS.;20;TRATAMIENTO DE QUEMADURAS;4.5;;;;10;263.47;04,03
20.01.11;MOTILIDAD ESOFAGICA (MANOMETRIA). OBTENCION DE REGISTRO;20;TRATAMIENTO DE QUEMADURAS;30;;;;20;1210.9;04,03
20.01.12;DETERMINACION DEL REFLUJO GASTROESOFAGICO POR MEDIOS DE;20;TRATAMIENTO DE QUEMADURAS;15;;;;15;663.9;04,03
20.01.13;LAVADO GASTRICO O ESOFAGICO (EN PACIENTE NO INTERNADO E;20;TRATAMIENTO DE QUEMADURAS;3;;;;7;179.54;04,03
20.01.14;EXTRACCION DE MATERIAL DE ESOFAGO O ESTOMAGO PARA CITOL;20;TRATAMIENTO DE QUEMADURAS;4.5;;;;7;228.4;04,03
20.01.15;COLOCACION DE SONDA BALON DE SENGSTAKEN, BLAKEMORE, LIN;20;TRATAMIENTO DE QUEMADURAS;4.5;;;;10;263.47;04,03
20.01.16;BIOPSIA PERORAL ESOFAGICA O GASTRICA POR ASPIRACION CON;20;TRATAMIENTO DE QUEMADURAS;4.5;;;;10;263.47;04,03
20.01.17;BIOPSIA PERORAL DEL INTESTINO DELGADO POR ASPIRACION CO;20;TRATAMIENTO DE QUEMADURAS;15;;;;15;663.9;04,03
20.01.18;BIOPSIA PERORAL DEL INTESTINO DELGADO POR ASPIRACION CO;20;TRATAMIENTO DE QUEMADURAS;22.5;;;;18;943.25;04,03
20.01.19;ESOFAGOSCOPIA CON INSTRUMENTAL RIGIDO.;20;TRATAMIENTO DE QUEMADURAS;15;;;;45;1014.6;04,03
20.01.20;ESOFAGOFIBROSCOPIA.;20;TRATAMIENTO DE QUEMADURAS;37.5;;;;273;4412.75;04,03
20.01.21;GASTROSCOPIA CON INSTRUMENTAL RIGIDO.;20;TRATAMIENTO DE QUEMADURAS;22.5;;;;45;1258.88;04,03
20.01.22;ESOFAGOGASTRODUODENOFIBROSCOPIA.;20;TRATAMIENTO DE QUEMADURAS;575;;;;;4715;30,30
20.01.23;CANULACION ENDOSCOPICA DE PAPILA DE VATER CON COLANGIO;20;TRATAMIENTO DE QUEMADURAS;45;;;;100;2634.65;04,03
20.01.24;COLONOFIBROSCOPIA.;20;TRATAMIENTO DE QUEMADURAS;767;;;;;6289.4;30,30
20.01.25;RECTOSIGMOIDOSCOPIA CON INSTRUMENTAL RIGIDO.;20;TRATAMIENTO DE QUEMADURAS;15;;;;30;839.25;04,03
20.01.26;RECTOSIGMOIDOFIBROSCOPIA.;20;TRATAMIENTO DE QUEMADURAS;479;;;;;3927.8;30,30
20.01.27;ANOSCOPIA.;20;TRATAMIENTO DE QUEMADURAS;;;;;;;
20.01.28;DILATACION ESOFAGICA CON CONTROL ENDOSCOPICO (POR SESIO;20;TRATAMIENTO DE QUEMADURAS;30;;;;20;1210.9;04,03
20.01.29;DILATACION ESOFAGICA CON SONDA DE MERCURIO SIN ENDOSCOP;20;TRATAMIENTO DE QUEMADURAS;15;;;;10;605.45;04,03
20.01.30;REDUCCION NO QUIRURGICA DE LA INVAGINACION INSTESTINAL;20;TRATAMIENTO DE QUEMADURAS;15;;;;45;1014.6;04,03
20.01.31;REDUCCION MANUAL DE RECTO. DILATACION DIGITAL O INSTRUM;20;TRATAMIENTO DE QUEMADURAS;;;;;;;04,03
20.01.32;GASTROFIBROSCOPIA.;20;TRATAMIENTO DE QUEMADURAS;37.5;;;;342;5219.36;04,03
20.01.34;POLIPECTOMIA ENDOSCOPICA GASTRICA POR POLIPO;20;TRATAMIENTO DE QUEMADURAS;480;;;;;3936;30
20.01.35;POLIPECTOMIA ENDOSCOPICA COLONICA X POLIPO;20;TRATAMIENTO DE QUEMADURAS;480;;;;;3936;30,11
20.01.36;HASTA TRES FOTOGRAFIAS REALIZADAS DURANTE EL ACTO ENDOS;20;TRATAMIENTO DE QUEMADURAS;1.5;;;;15;224.21;04,03
20.01.72;Uso del equipo de video;20;TRATAMIENTO DE QUEMADURAS;460;;;;;4535.6;11
20.02.01;Colangiopancreatografia retrograda endoscopica;20;TRATAMIENTO DE QUEMADURAS;;1;;1;;51.72;01
20.02.02;Colangiopancreatografia retrograda endoscopica con;20;TRATAMIENTO DE QUEMADURAS;;1;;1;;51.72;01
20.02.30;Tratamiento endoscópico de la hemorragia digestiva;20;TRATAMIENTO DE QUEMADURAS;504.13;;;;;4970.72;11
20.02.31;Extracción de cuerpos extraños altos o bajos;20;TRATAMIENTO DE QUEMADURAS;537.19;;;;;5296.69;11
20.02.32;Dilatación neumática (por sesión);20;TRATAMIENTO DE QUEMADURAS;421.49;;;;;4155.89;11
20.02.33;Dilatación con savary o simil (x sesión);20;TRATAMIENTO DE QUEMADURAS;719.01;;;;;7089.44;11
20.02.40;ERCP;20;TRATAMIENTO DE QUEMADURAS;1735.54;;;;;17112.4;11
20.02.41;Papilotomía;20;TRATAMIENTO DE QUEMADURAS;2603.31;;;;;25668.6;11
20.02.42;Colocación de prótesis biliar (Inc. ERCP y/o papilotomi;20;TRATAMIENTO DE QUEMADURAS;3553.72;;;;;35039.7;11
20.03.01;Estudio dinamico de glandulas salivales;20;TRATAMIENTO DE QUEMADURAS;;1;;1;;51.72;01
20.04.01;Ablacion de tumores esofagicos por metodos fisicos o;20;TRATAMIENTO DE QUEMADURAS;;1;;1;;51.72;01
20.05.01;Phmetria esofagica para lactantes;20;TRATAMIENTO DE QUEMADURAS;;1;;1;;51.72;01
20.06.01;Busqueda de hemorragia digestiva con eritromarcadores;20;TRATAMIENTO DE QUEMADURAS;;1;;1;;51.72;01
20.50.11;Estudio de intolerancia a la lactosa;20;TRATAMIENTO DE QUEMADURAS;;1;;1;;51.72;01
21.01.01;ESTUDIO GENETICO (COMPRENDE CONSULTAS, ASESORAMIENTO, D;21;TRATAMIENTO DE QUEMADURAS;32.5;;;;5;1116.98;04,03
21.01.02;DERMATOGLIFOS.;21;TRATAMIENTO DE QUEMADURAS;15.5;;;;5;563.29;04,03
21.01.03;CROMATINA SEXUAL (EN MUCOSAS O EN SANGRE).;21;TRATAMIENTO DE QUEMADURAS;6.5;;;;10;328.61;04,03
21.01.04;ANALISIS CROMOSOMICO DE CARIOTIPO SIMPLE.;21;TRATAMIENTO DE QUEMADURAS;39;;;;120;2673.03;04,03
21.01.05;ANALISIS CROMOSOMICO DE CARIOTIPO CON BANDAS G - T.;21;TRATAMIENTO DE QUEMADURAS;52;;;;130;3213.34;04,03
21.01.06;ANALISIS CROMOSOMICO DE CARIOTIPO CON BANDAS Q.;21;TRATAMIENTO DE QUEMADURAS;52;;;;150;3447.14;04,03
21.01.07;ANALISIS CROMOSOMICO DE CARIOTIPO CON BANDAS G-T Y Q.;21;TRATAMIENTO DE QUEMADURAS;65;;;;280;5390.25;04,03
21.02.01;ESTUDIO COMPLETO DE HISTOCOMPATIBILIDAD PARA TRANSPLANT;21;HISTOCOMPATIBILIDAD;260;;;;2800;41200.2;04,03
21.02.02;ESTUDIO COMPLETO DE HISTOCOMPATIBILIDAD PARA TRANSPLANT;21;HISTOCOMPATIBILIDAD;39;;;;500;7115.23;04,03
21.02.03;CROSS-MATCH CONTRA PANEL DE LINFOCITOS (ANTICUERPOS ANT;21;HISTOCOMPATIBILIDAD;43;;;;467;6859.74;04,03
21.02.04;CROSS-MATCH CONTRA PANEL DE LINFOCITOS (ANTICUERPOS ANT;21;HISTOCOMPATIBILIDAD;87;;;;933;13740.4;04,03
21.02.05;CROSS-MATCH CONTRA DONANTE VIVO EN LINFOCITOS T Y B (AN;21;HISTOCOMPATIBILIDAD;260;;;;2800;41200.2;04,03
21.02.06;DETERMINACION DE ANTIGENOS DR-DQ EN RECEPTOR O EN DONAN;21;HISTOCOMPATIBILIDAD;78;;;;840;12360.1;04,03
21.02.07;CULTIVO MIXTO DE LINFOCITOS, PASO FINAL DEL TRANSPLANTE;21;HISTOCOMPATIBILIDAD;87;;;;933;13740.4;04,03
21.06.50;Estudio citogenético de sangre periférica;21;HISTOCOMPATIBILIDAD;650;;;;;6409;11
22.01.01;COLCOSCOPIA-TRAQUELOSCOPIA-.;22;GINECOLOGIA;50;;;;;410;30
22.01.01;COLCOSCOPIA-TRAQUELOSCOPIA-se autoriza 1 por año.;22;GINECOLOGIA;60;;;;;492;30
22.01.02;COLPOCITOLOGIA, OBTENCION DEL MATERIAL POR SESION (EFEC;22;GINECOLOGIA;;;;;;;04,03
22.01.03;TEST DE SIMS-HUNER.;22;GINECOLOGIA;3;;;;5;156.16;04,03
22.01.04;ESTUDIO DEL MOCO CERVICAL. CON;22;GINECOLOGIA;3;;;;5;156.16;04,03
22.01.05;PERSUFLACION CON REGISTRO QUIMOGRAFICO.;22;GINECOLOGIA;7.5;;;;7;326.11;04,03
22.01.06;PERSUFLACION, HIDROTUBACION. POR;22;GINECOLOGIA;3;;;;7;179.54;04,03
22.01.07;INSTILACION DE SUSTANCIA RADIOPACA PARA HISTEROSALPINGO;22;GINECOLOGIA;3;;;;7;179.54;04,03
22.01.08;Cepillado de epitelio vaginal y cervical para deteccion;22;GINECOLOGIA;53.64;;;1;;528.89;11
22.02.01;AMNIOSCOPIA.;22;OBSTETRICIA;4.5;;;;5;205.02;04,03
22.02.02;MONITOREO FETAL.;22;OBSTETRICIA;15;;;;50;1073.05;04,03
22.02.03;METODO PSICOPROFILACTICO DEL PARTO.;22;OBSTETRICIA;22.5;;;;40;1200.43;04,03
22.02.04;CONTROL OBSTETRICO DEL TRABAJO DE PARTO.;22;OBSTETRICIA;67.5;;;;;2198.48;04,03
22.03.01;Estudio de maduracion pulmonar fetal;22;OBSTETRICIA;;1;;1;;51.72;01
22.04.01;Espectrofotometria de liquido amiotico;22;OBSTETRICIA;;1;;1;;51.72;01
23.01.01;ADHESIVIDAD PLAQUETARIA IN VIVO O IN VITRO.;23;OBSTETRICIA;12;;;;5;654.64;04,06
23.01.02;AGREGACION PLAQUETARIA. MINI;23;OBSTETRICIA;18;;;;8;1008.34;04,06
23.01.03;ADENOGRAMA.;23;OBSTETRICIA;10.5;;;;3;500.27;04,06
23.01.04;INVESTIGACION DE AGLUTININAS. EN M;23;OBSTETRICIA;4.5;;;;2;252.09;04,06
23.01.05;AGLUTININAS DEL SISTEMA ABO. EN M;23;OBSTETRICIA;6;;;;1.5;274.56;04,06
23.01.06;ANTICOAGULANTE CIRCULANTE. DETERMINACION DE;23;OBSTETRICIA;3;;;;2.5;229.61;04,06
23.01.07;ANTICUERPO. ELUCION DE;23;OBSTETRICIA;4.5;;;;1.5;225.71;04,06
23.01.08;ANTICUERPOS INMUNES (LANDSTEINER).;23;OBSTETRICIA;3;;;;1.5;176.85;04,06
23.01.09;ANTICUERPOS INMUNES (WITEBESKY).;23;OBSTETRICIA;3;;;;3;255.99;04,06
23.01.10;ANTIGLOBULINA HUMANA CON SUERO ANTINOGRAMA. PRUEBADE;23;OBSTETRICIA;3;;;;1.5;176.85;04,06
23.01.11;ANTITROMBINA. TITULACION DE;23;OBSTETRICIA;4.5;;;;1.5;225.71;04,06
23.01.12;AUTOHEMOLISIS. PRUEBA DE;23;OBSTETRICIA;6;;;;1.5;274.56;04,06
23.01.13;BENCE JONES. PROTEINA DE;23;OBSTETRICIA;1.5;;;;1;101.62;04,06
23.01.14;BILIRRUBINEMIA TOTAL (DIRECTA, INDIRECTA ).;23;OBSTETRICIA;1.5;;;;1.5;128;04,06
23.01.15;CELULAS FALCIFORMES O DREPANOCITICAS O SICKLE CELLS (AN;23;OBSTETRICIA;3;;;;1;150.47;04,06
23.01.16;CELULAS L E (MEDULA).;23;OBSTETRICIA;9;;;;1.5;372.27;04,06
23.01.17;CELULAS L E (SANGRE).;23;OBSTETRICIA;4.5;;;;1.5;225.71;04,06
23.01.18;COAGULACION Y SANGRIA. TIEMPO DE;23;OBSTETRICIA;1.5;;;;1;101.62;04,06
23.01.19;COAGULO. RETRACCION DE;23;OBSTETRICIA;1.5;;;;1;101.62;04,06
23.01.20;COOMBS DIRECTA. PRUEBA DE;23;OBSTETRICIA;3;;;;1.5;176.85;04,06
23.01.21;COOMBS INDIRECTA. PRUEBA DE, CUALITATIVA;23;OBSTETRICIA;3;;;;1.5;176.85;04,06
23.01.22;COOMBS INDIRECTA. PRUEBA DE, CUANTITATIVA;23;OBSTETRICIA;4.5;;;;2.5;278.47;04,06
23.01.23;CRIOAGLUTININAS.;23;OBSTETRICIA;1.5;;;;1;101.62;04,06
23.01.24;CRIOGLOBULINAS.;23;OBSTETRICIA;3;;;;1;150.47;04,06
23.01.25;CROMATINA SEXUAL.;23;OBSTETRICIA;3;;;;1;150.47;04,06
23.01.26;DACIE. PRUEBA DE;23;OBSTETRICIA;3;;;;1.5;176.85;04,06
23.01.27;DAVIDSHON DIFERENCIADA. PRUEBA DE;23;OBSTETRICIA;4.5;;;;2.5;278.47;04,06
23.01.28;DONATH-LANDSTEINNER CUANTITATIVA. PRUEBA DE;23;OBSTETRICIA;4.5;;;;1.5;225.71;04,06
23.01.29;ELECTROFORESIS SIN PAPEL (HEMOGLOBINA O SUERO).;23;OBSTETRICIA;4.5;;;;3;304.85;04,06
23.01.30;ELECTROFORESIS POLIACRILAMIDA, CUALITATIVA.;23;OBSTETRICIA;4.5;;;;4;357.61;04,06
23.01.31;ELECTROFORESIS POLIACRILAMIDA, CUANTITATIVA.;23;OBSTETRICIA;9;;;;4;504.17;04,06
23.01.32;EOSINOFILOS. RECUENTO DE;23;OBSTETRICIA;1.5;;;;1;101.62;04,06
23.01.33;ERITROSEDIMENTACION.;23;OBSTETRICIA;1.5;;;;1;101.62;04,06
23.01.34;ESPECTROFOTOMETRIA DEL LIQUIDO AMNIOTICO.;23;OBSTETRICIA;7.5;;;;1.5;323.42;04,06
23.01.35;ESPLENOGRAMA.;23;OBSTETRICIA;12;;;;5;654.64;04,06
23.01.36;ESTADO SECRETOR.;23;OBSTETRICIA;3;;;;1.5;176.85;04,06
23.01.37;ETANOL. PRUEBA DE GELIFICACION CON;23;OBSTETRICIA;1.5;;;;1;101.62;04,06
23.01.38;EXTON ROSSE. PRUEBA DE;23;OBSTETRICIA;3;;;;4;308.75;04,06
23.01.39;FACTOR DE COAGULACION ll (PROTOMBINA DUCKERT) EN PLASMA;23;OBSTETRICIA;4.5;;;;1.5;225.71;04,06
23.01.40;FACTOR DE COAGULACION V.;23;OBSTETRICIA;4.5;;;;2;252.09;04,06
23.01.41;FACTOR DE COAGULACION Vll.;23;OBSTETRICIA;4.5;;;;2;252.09;04,06
23.01.42;FACTORES DE COAGULACION COMPLEJO Vll-X.;23;OBSTETRICIA;4.5;;;;2;252.09;04,06
23.01.43;FACTOR DE COAGULACION Vlll.;23;OBSTETRICIA;6;;;;2;300.94;04,06
23.01.44;FACTOR DE COAGULACION lX.;23;OBSTETRICIA;6;;;;2;300.94;04,06
23.01.45;FACTOR DE COAGULACION X.;23;OBSTETRICIA;6;;;;2.5;327.32;04,06
23.01.46;FACTOR DE COAGULACION Xl.;23;OBSTETRICIA;6;;;;2;300.94;04,06
23.01.47;FACTOR DE COAGULACION Xll.;23;OBSTETRICIA;6;;;;2;300.94;04,06
23.01.48;FACTOR DE COAGULACION Xlll CUALITATIVO.;23;OBSTETRICIA;1.5;;;;1;101.62;04,06
23.01.49;FACTOR DE COAGULACION Xlll SEMICUALITATIVO.;23;OBSTETRICIA;6;;;;1;248.18;04,06
23.01.50;FERREMIA. SIDEREMIA.;23;OBSTETRICIA;3;;;;2.5;229.61;04,06
23.01.51;FIBRINOGENO (SANGRE).;23;OBSTETRICIA;6;;;;1.5;274.56;04,06
23.01.52;FIBRONILISINA (LISIS DE EUGOBULINAS).;23;OBSTETRICIA;6;;;;1.5;274.56;04,06
23.01.53;FOLICO ACIDO (MICROBIOLOGICO).;23;OBSTETRICIA;6;;;;3;353.7;04,06
23.01.54;FORMULA LEUCOCITARIA.;23;OBSTETRICIA;1.5;;;;1;101.62;04,06
23.01.55;FOSFATASA ALCALINA LEUCOCITARIA (CITOQUIMICA).;23;OBSTETRICIA;3;;;;1.5;176.85;04,06
23.01.56;GLOBULINA GAMMA. (SUERO).;23;OBSTETRICIA;1.5;;;;3;207.14;04,06
23.01.57;GLOBULINA GAMMA (LATEX).;23;OBSTETRICIA;4.5;;;;1.5;225.71;04,06
23.01.58;GLOBULOS BLANCOS. RECUENTO;23;OBSTETRICIA;1.5;;;;1;101.62;04,06
23.01.59;GLOBULOS ROJOS. RECUENTO;23;OBSTETRICIA;1.5;;;;1;101.62;04,06
23.01.60;GLUCOGENO (CITOQUIMICO).;23;OBSTETRICIA;3;;;;1.5;176.85;04,06
23.01.61;GLUCOGENO PREVIA DIGESTION (CITOQUIMICO).;23;OBSTETRICIA;4.5;;;;2;252.09;04,06
23.01.62;GOTA GRUESA.;23;OBSTETRICIA;1.5;;;;1;101.62;04,06
23.01.63;GRUPO SANGUINEO ABO.;23;OBSTETRICIA;1.5;;;;1.5;128;04,06
23.01.64;HAN. PRUEBA DE;23;OBSTETRICIA;3;;;;1.5;176.85;04,06
23.01.65;HEINZ. CUERPOS DE;23;OBSTETRICIA;3;;;;1;150.47;04,06
23.01.66;HEMATIES. RESISTENCIA GLOBULAR OSMOTICA DE LOS;23;OBSTETRICIA;3;;;;1.5;176.85;04,06
23.01.67;HEMATIES. TRIPSINACION DE LOS U OTROS METODOS ENZIMATIC;23;OBSTETRICIA;1.5;;;;1;101.62;04,06
23.01.68;HEMATOCRITO.;23;OBSTETRICIA;1.5;;;;1;101.62;04,06
23.01.69;HEMOAGLUTINACION PASIVA. PRUEBA DE, HEMATIES TANADOS.;23;OBSTETRICIA;6;;;;3;353.7;04,06
23.01.70;HEMOAGLUTININAS (WIUGHAN).;23;OBSTETRICIA;3;;;;1.5;176.85;04,06
23.01.71;HEMOAGLUTINOGENOS (SUBTIPOS DEL SISTEMA ABO). CADA DETE;23;OBSTETRICIA;3;;;;2;203.23;04,06
23.01.72;HEMOAGLUTINOGENOS D;23;OBSTETRICIA;4.5;;;;2;252.09;04,06
23.01.73;HEMOGLUBILINA. DOSAJE;23;OBSTETRICIA;1.5;;;;1;101.62;04,06
23.01.74;HEMOGLOBULINA. ELECTROFORESIS DE;23;OBSTETRICIA;4.5;;;;3;304.85;04,06
23.01.75;HEMOGLOBINA EN PLASMA.;23;OBSTETRICIA;3;;;;2;203.23;04,06
23.01.76;HEMOGLOBINA. SOLUBILIDAD DE LA;23;OBSTETRICIA;3;;;;2;203.23;04,06
23.01.77;HEMOGLOBINA ALCALIRRESISTENTE.;23;OBSTETRICIA;3;;;;1.5;176.85;04,06
23.01.78;HEMOGRAMA. INCLUYE RECUENTO DE HEMATIES, LEUCOCITOS, FO;23;OBSTETRICIA;3;;;;1.3;166.3;04,06
23.01.79;HEMOSILINAS EN CALIENTE (TITULACION) O EN FRIO, EXCLUYE;23;OBSTETRICIA;3;;;;1.5;176.85;04,06
23.01.80;HEMOSIDERINA. INVESTIGACION (CITOQUIMICA).;23;OBSTETRICIA;3;;;;1.5;176.85;04,06
23.01.81;HEPARINA. RESISTENCIA A LA, IN VITRO. -SOU;23;OBSTETRICIA;4.5;;;;1.5;225.71;04,06
23.01.82;HEPARINA. RESISTENCIA A LA, IN VIVO. -DE;23;OBSTETRICIA;4.5;;;;1.5;225.71;04,06
23.01.83;HIPERHEPARINEMIA.;23;OBSTETRICIA;7.5;;;;2;349.8;04,06
23.01.84;IBC (IRON BINDING CAPACITY).;23;OBSTETRICIA;4.5;;;;2;252.09;04,06
23.01.85;IDENTIFICACION DE ANTICUERPOS CON PANEL EN MEDIO SALINO;23;OBSTETRICIA;9;;;;8;715.21;04,06
23.01.86;INDICE OPSONOCITOFACIGO.;23;OBSTETRICIA;4.5;;;;4;357.61;04,06
23.01.87;INMUOELECTROFORESIS.;23;OBSTETRICIA;9;;;;6;609.69;04,06
23.01.88;LATEX GLOBULINA GAMMA.;23;OBSTETRICIA;4.5;;;;1.5;225.71;04,06
23.01.89;LATEX LE.;23;OBSTETRICIA;4.5;;;;3;304.85;04,06
23.01.90;LAZO. PRUEBA DE;23;OBSTETRICIA;;;;;1;52.76;04,06
23.01.91;LEUCINOAMINOPEPTIDASA. TEST DE;23;OBSTETRICIA;9;;;;2;398.65;04,06
23.01.92;LEUCOAGLUTINACION. INHIBICION DE;23;OBSTETRICIA;4.5;;;;3.5;331.23;04,06
23.01.93;LEUCOAGLUTININAS. METODO DIRECTO;23;OBSTETRICIA;3;;;;1.5;176.85;04,06
23.01.94;LEUCOCITOS. RESISTENCIA DE LOS;23;OBSTETRICIA;3;;;;1.5;176.85;04,06
23.01.95;LEUCOPRECIPITINAS.;23;OBSTETRICIA;3;;;;1.5;176.85;04,06
23.01.96;MAGNESIO (SANGRE).;23;OBSTETRICIA;3;;;;1.5;176.85;04,06
23.01.97;MEDULOGRAMA, MIELOGRAMA.;23;OBSTETRICIA;12;;;;4;601.88;04,06
23.01.98;MONONUCLEOSIS INFECCIOSA. REACCION PARA, MONOTEST;23;OBSTETRICIA;3;;;;3.5;282.37;04,06
23.01.99;PARASITOS HEMATICOS.;23;OBSTETRICIA;4.5;;;;1;199.33;04,06
23.02.01;PAUL BUNELL. REACCION DE;23;OBSTETRICIA;3;;;;2;203.23;04,06
23.02.02;PEROXIDASAS.;23;OBSTETRICIA;1.5;;;;1;101.62;04,06
23.02.03;PLAQUETAS. RECUENTO DE;23;OBSTETRICIA;1.5;;;;1;101.62;04,06
23.02.04;PLASMA RECALCIFICADO. TIEMPO DE;23;OBSTETRICIA;1.5;;;;1;101.62;04,06
23.02.05;PORFIRINAS (ORINA).;23;OBSTETRICIA;1.5;;;;3;207.14;04,06
23.02.06;PDF (PRODUCTO DE DEGRADACION FIBRINOGENO, FIBRINA).;23;OBSTETRICIA;6;;;;5;459.22;04,06
23.02.07;PROACTIVADOR PLASMINOGENO.;23;OBSTETRICIA;6;;;;2.5;327.32;04,06
23.02.08;PROTROMBINA (WARE, SEEGERS).;23;OBSTETRICIA;6;;;;2.5;327.32;04,06
23.02.09;PROTROMBINA. CONSUMO DE;23;OBSTETRICIA;3;;;;2;203.23;04,06
23.02.10;PROTROMBINA. TIEMPO DE, QUICK;23;OBSTETRICIA;1.5;;;;2;154.38;04,06
23.02.11;RECUENTO Y FORMULA.;23;OBSTETRICIA;3;;;;1;150.47;04,06
23.02.12;REFFHUS. CURVA DE;23;OBSTETRICIA;3;;;;2.5;229.61;04,06
23.02.13;RH.;23;OBSTETRICIA;1.5;;;;1.5;128;04,06
23.02.14;RH FACTOR C (MAYUSCULA).;23;OBSTETRICIA;1.5;;;;2;154.38;04,06
23.02.15;RH FACTOR C (MINUSCULA).;23;OBSTETRICIA;1.5;;;;2;154.38;04,06
23.02.16;RH FACTOR D (MAYUSCULA).;23;OBSTETRICIA;1.5;;;;1.5;128;04,06
23.02.17;RH FACTOR E (MAYUSCULA).;23;OBSTETRICIA;1.5;;;;2;154.38;04,06
23.02.18;RH FACTOR E (MINUSCULA).;23;OBSTETRICIA;1.5;;;;1.5;128;04,06
23.02.19;RETICULOCITOS.;23;OBSTETRICIA;1.5;;;;1;101.62;04,06
23.02.20;SIA. TEST DE;23;OBSTETRICIA;1.5;;;;1;101.62;04,06
23.02.21;SICKLE CELLS, INDUCCION QUIMICA.;23;OBSTETRICIA;3;;;;1;150.47;04,06
23.02.22;SIDEROFILINA. CAPACIDAD DE LA SATURACION DE LA;23;OBSTETRICIA;4.5;;;;2;252.09;04,06
23.02.23;SULFATO DE PROTAMINA. PRUEBA DE GELIFICACION.;23;OBSTETRICIA;6;;;;3;353.7;04,06
23.02.24;TROMBINA. PRUEBA DE LA GENERACION DE LA;23;OBSTETRICIA;6;;;;2;300.94;04,06
23.02.25;TROMBINA. TIEMPO DE;23;OBSTETRICIA;1.5;;;;1.5;128;04,06
23.02.26;TROMBOPLASTINA. PRUEBA DE LA GENERACION DE (BIGGS Y DOU;23;OBSTETRICIA;10.5;;;;4;553.03;04,06
23.02.27;TROMBOPLASTINA. PRUEBA DE LA GENERACION DE (BIGGS Y DOU;23;OBSTETRICIA;30;;;;7;1346.42;04,06
23.02.28;TROMBOPLASTINA. PRUEBA DE LA GENERACION SIMPLIFICADA. (;23;OBSTETRICIA;6;;;;4;406.46;04,06
23.02.29;TROMBOPLASTINA. TIEMPO DE (PARCIAL).;23;OBSTETRICIA;3;;;;2;203.23;04,06
23.02.30;TROMBO. TEST DE OWEWN.;23;OBSTETRICIA;3;;;;2;203.23;04,06
23.02.31;TROMBOELASTOGRAMA.;23;OBSTETRICIA;6;;;;4;406.46;04,06
23.02.32;XENODIAGNOSTICO (ESTUDIO COMPLETO).;23;OBSTETRICIA;15;;;;10;1016.15;04,06
24.01.01;TRANSFUCION DE SANGRE TOTAL, POR UNIDAD DE HASTA 500 CC;24;OBSTETRICIA;8.25;;;;26;572.64;04,03
24.01.02;TRANSFUCION DE PLASMA, POR UNIDAD DE HASTA 300 CC.;24;OBSTETRICIA;8.25;;;;33;654.47;04,03
24.01.03;TRANSFUCION DE HEMATIES SEDIMENTADOS (CONCENTRADO GLOBU;24;OBSTETRICIA;8.25;;;;33;654.47;04,03
24.01.04;TRANSFUCION DE GLOBULOS ROJOS LAVADOS, POR UNIDAD DE HA;24;OBSTETRICIA;11.25;;;;44;880.77;04,03
24.01.05;PLASMAFERESIS O ERITROFERESIS CON PROCESAMIENTO DE HAST;24;OBSTETRICIA;8.25;;;;66;1040.24;04,03
24.01.06;TRANSFUCION DE SANGRE SIN LEUCOCITOS CON O SIN PLAQUETA;24;OBSTETRICIA;11.25;;;;66;1137.95;04,03
24.01.07;TRANSFUCION DE PLAQUETAS Y/O LEUCOCITOS PROVENIENTES DE;24;OBSTETRICIA;11.25;;;;66;1137.95;04,03
24.01.08;EXANGUINEO -TRANSFUCION: POR LA PRIMERA UNIDAD DE HASTA;24;OBSTETRICIA;81.75;;;;176;4720.04;04,03
24.01.09;EXANGUINEO - TRANSFUCION: UNIDADES SUBSIGUIENTES DE 500;24;OBSTETRICIA;11.25;;;;110;1652.31;04,03
24.01.10;TRANSFUCION FETAL INTRA-UTERO (INCLUYE LA PARANCETESIS;24;OBSTETRICIA;98.25;;;;176;5257.44;04,03
24.01.11;SANGRIA POR RECOLECCION CON EQUIPO AL VACIO.;24;OBSTETRICIA;3;;;;44;612.07;04,03
24.01.12;TRANSFUCION INTRAAMNIOTICA.;24;OBSTETRICIA;65.25;;;;132;3668.27;04,03
24.01.13;TRANSFUCION DE CRIOPRECIPITADOS G A H PROVENIENTES 500;24;OBSTETRICIA;15;;;;66;1260.09;04,03
24.01.14;V.D.R.L. EN DADOR.;24;OBSTETRICIA;1.5;;;;2;154.38;04,06
24.01.15;HUDDLESSON DE DADOR.;24;OBSTETRICIA;1.5;;;;1.5;128;04,06
24.01.16;CHAGAS LATEX EN DADOR.;24;OBSTETRICIA;1.5;;;;2.5;180.76;04,06
24.01.17;CHAGAS FIJACION DEL COMPLEMENTO EN DADOR.;24;OBSTETRICIA;4.5;;;;2;252.09;04,06
24.01.18;CHAGAS HEMOAGLUTINACION EN DADOR.;24;OBSTETRICIA;1.5;;;;3;207.14;04,06
24.01.19;ANTIGENO DE HEPATITIS B EN DADOR.;24;OBSTETRICIA;3;;;;5;361.51;04,06
24.01.20;ANTICUERPOS ANTI VIH (METODO DE ELISA), EN DADOR.;24;OBSTETRICIA;9;;;;20;1348.33;04,06
24.01.21;ANTICUERPOS ANTI VIH (METODO DE AGLUTINACION DE PARTICU;24;OBSTETRICIA;2.25;;;;11;653.64;04,06
24.02.01;Autotranfusion;24;OBSTETRICIA;;1;;1;;51.72;01
24.10.05;Plasmafereses con separador celular tipo;24;OBSTETRICIA;;1;;1;;51.72;01
24.10.06;Aferesis de plaquetas;24;OBSTETRICIA;;1;;1;;51.72;01
24.11.01;Ultrafiltracion;24;OBSTETRICIA;;1;;1;;51.72;01
24.11.02;Ultrafiltracion con filtros de prosorva o similares;24;OBSTETRICIA;;1;;1;;51.72;01
24.12.01;Criopreservacion;24;OBSTETRICIA;;1;;1;;51.72;01
24.12.02;Transplante de medula osea autologo;24;OBSTETRICIA;;1;;1;;51.72;01
24.12.03;Transplante de medula osea alogenico;24;OBSTETRICIA;;1;;1;;51.72;01
25.01.01;AGENTES FISICOS, FISIOTERAPIA, HORNO DE BIER, RAYOS, IN;25;OBSTETRICIA;7.7;;;;;75.92;11
25.01.02;TERAPIA FISICA O KINESITERAPIA; MASAJES, MOVILIZACION P;25;OBSTETRICIA;10.83;;;;;106.78;11
25.01.03;TERAPIA OCUPACIONAL. POR SESION Y POR BENEFICIARIO.;25;OBSTETRICIA;5.5;;;;2;202.52;09,03
25.01.04;REHABILITACION DEL LENGUAJE. POR SESION Y POR BENEFICIA;25;OBSTETRICIA;48;;;;;393.6;30
25.01.05;PILONES PARA AMPUTADOS. ALINEACION DINAMICA DE AMPUTADO;25;OBSTETRICIA;2.5;;;;4;128.19;09,03
25.01.06;KINESITERAPIA O FISIATRIA A DOMICILIO. AL CODIGO CORRES;25;OBSTETRICIA;5.75;;;;;56.7;11
25.01.66;Magnetoterapia;25;OBSTETRICIA;8;;;;;78.88;11
25.02.36;S.P.E.C.T. OTRAS REGIUONES sin maerial;25;OBSTETRICIA;;;;;;;05
26.01.01;CURVA DE CAPTACION TIROIDEA (TRES DETERMINACIONES).;26;OBSTETRICIA;10.5;;;;20;575.79;04,03
26.01.02;ESTUDIO COMPLETO DE LA FUNCION TIROIDEA CON I 131. INCL;26;OBSTETRICIA;15;;;;20;722.35;04,03
26.01.03;EXCRECION URINARIA DE I 131. INCL;26;OBSTETRICIA;15;;;;25;780.8;04,03
26.01.04;PRUEBA DE INHIBICION (TEST DE WERNER). INCLUYE AMBAS CU;26;OBSTETRICIA;18;;;;35;995.41;04,03
26.01.05;PRUEBAS DE ESTIMULACION (TEST DE QUERIDO). INCLUYE CURV;26;OBSTETRICIA;18;;;;35;995.41;04,03
26.01.06;VIDA MEDIA EFECTIVA. INCLUYE MATERIAL REACTIVO.;26;OBSTETRICIA;22.5;;;;30;1083.53;04,03
26.01.07;DOSIS TERAPEUTICA EN TIROXICOSIS. INCLUYE VIDA MEDIA Y;26;OBSTETRICIA;75;;;;80;3377.95;04,03
26.01.08;TRATAMIENTO DE CARCINOMA DE TIROIDES. INCLUYE ESTUDIO D;26;OBSTETRICIA;90;;;;140;4567.9;04,03
26.01.09;DETECCION DE TROMBOSIS CON FIBRINOGENO MARCADO.;26;OBSTETRICIA;75;;;;20;2676.55;04,03
26.01.10;DETECCION DE SUPURACIONES ABDOMINALES CON FIBROGENO MAR;26;OBSTETRICIA;67.5;;;;80;3133.68;04,03
26.01.11;RADIORREONOGRAMA ISOTOPICO SIMPLE.;26;OBSTETRICIA;18;;;;60;1287.66;04,03
26.01.12;RADIORRENOGRAMA CON CLEARENCE RENAL.;26;OBSTETRICIA;15;;;;80;1423.75;04,03
26.01.13;FILTRADO GLOMERULAR.;26;OBSTETRICIA;18;;;;100;1755.26;04,03
26.01.14;FLUJO PLASMATICO RENAL EFECTIVO.;26;OBSTETRICIA;18;;;;100;1755.26;04,03
26.01.15;FLUJO SANGUINEO TOTAL RENAL (NO INCLUYE CATETERISMO REN;26;OBSTETRICIA;22.5;;;;100;1901.83;04,03
26.01.16;VOLUMEN MINUTO CARDIACO.;26;OBSTETRICIA;30;;;;60;1678.5;04,03
26.01.17;CLEARENCE TISULAR Y/O MUSCULAR CON RADIOISOTOPOS. EVALU;26;OBSTETRICIA;30;;;;60;1678.5;04,03
26.01.18;FLUJO CEREBRAL.;26;OBSTETRICIA;12;;;;100;1559.84;04,03
26.01.19;DETERMINACION DE AGUA CORPORAL TOTAL.;26;OBSTETRICIA;30;;;;80;1912.3;04,03
26.01.20;DETERMINACION DE AGUA EXTRACELULAR.;26;OBSTETRICIA;30;;;;30;1327.8;04,03
26.01.21;DETERMINACION DE SODIO TOTAL INTERCAMBIABLE Y ESPACIO D;26;OBSTETRICIA;30;;;;50;1561.6;04,03
26.01.22;DETERMINACION DE POTASIO TOTAL INTERCAMBIABLE.;26;OBSTETRICIA;30;;;;50;1561.6;04,03
26.01.23;DETERMINACION DEL VOLUMEN SANGUINEO TOTAL GLOBULAR Y PL;26;OBSTETRICIA;25.5;;;;90;1882.64;04,03
26.01.24;VIDA MEDIA DE HEMATIES. RELACION HEPATO-ESPLENICA.;26;OBSTETRICIA;36;;;;90;2224.62;04,03
26.01.25;VIDA MEDIA DE HEMATIES.;26;OBSTETRICIA;25.5;;;;90;1882.64;04,03
26.01.26;VIDA MEDIA DE LEUCOCITOS Y/O PLAQUETAS.;26;OBSTETRICIA;36;;;;120;2575.32;04,03
26.01.27;TIEMPO MEDIO PLASMATICO DEL FE59.;26;OBSTETRICIA;12;;;;90;1442.94;04,03
26.01.28;CURVA DE UTILIZACION DEL FE59.;26;OBSTETRICIA;25.5;;;;90;1882.64;04,03
26.01.29;TIEMPO MEDIO PLASMATICO Y CURVA DE UTILIZACION DEL FE59;26;OBSTETRICIA;36;;;;140;2809.12;04,03
26.01.30;DIAGNOSTICO DE ANEMIA PERNICIOSA CON VITAMINA B12 CO60;26;OBSTETRICIA;12;;;;90;1442.94;04,03
26.01.31;DOSIS TERAPEUTICA PARA TRATAMIENTO DE POLICITEMIAVERA C;26;OBSTETRICIA;52.5;;;;80;2645.13;04,03
26.01.32;ESTUDIO DE ABSORCION CON GRASAS MARCADAS CON RADIO ISOT;26;OBSTETRICIA;15;;;;80;1423.75;04,03
26.01.33;ESTUDIO DE ABSORCION Y EXCREACION DE GRASAS MARCADAS CO;26;OBSTETRICIA;52.5;;;;160;3580.33;04,03
26.01.34;RELACION PERFUSION VENTILACION CON XE133.;26;OBSTETRICIA;22.5;;;;80;1668.03;04,03
26.01.35;TRATAMIENTO INTRAARTICULAR CON P32 U AU198 COLOIDAL -IN;26;OBSTETRICIA;52.5;;;;80;2645.13;04,03
26.01.36;TRATAMIENTO PALIATIVO CON P32 DE METASTASIS OSEAS DE CA;26;OBSTETRICIA;75;;;;150;4196.25;04,03
26.01.37;TRATAMIENTO CON P32 U AU198 POR DISEMINACION TUMORAL EN;26;OBSTETRICIA;45;;;;100;2634.65;04,03
26.02.01;CENTELLOGRAMA DE CEREBRO (DOS POSICIONES).;26;CENTELLOGRAFIA A CABEZAL MOVIL-LINEAL-;35;;;;90;2192.05;04,03
26.02.02;POR CADA POSICION SUBSIGUIENTE.;26;CENTELLOGRAFIA A CABEZAL MOVIL-LINEAL-;5;;;;15;338.2;04,03
26.02.03;CENTELLOGRAFIA DE MEDULA OSEA.;26;CENTELLOGRAFIA A CABEZAL MOVIL-LINEAL-;15;;;;50;1073.05;04,03
26.02.04;MIELOGRAFIA ISOTOPICA. EXCLUIDO HONORARIO DEL CIRUJANO.;26;CENTELLOGRAFIA A CABEZAL MOVIL-LINEAL-;25;;;;60;1515.65;04,03
26.02.05;CISTERNOGRAFIA ISOTOPICA. EXCLUIDO HONORARIO DEL CIRUJA;26;CENTELLOGRAFIA A CABEZAL MOVIL-LINEAL-;45;;;;130;2985.35;04,03
26.02.06;FISTULOGRAFIA ISOTOPICA DEL L.C.R. EXCLUIDO HONORARIO D;26;CENTELLOGRAFIA A CABEZAL MOVIL-LINEAL-;35;;;;90;2192.05;04,03
26.02.07;VENTRICULOGRAFIA ISOTOPICA. EXCLUIDO HONORARIO DEL CIRU;26;CENTELLOGRAFIA A CABEZAL MOVIL-LINEAL-;45;;;;130;2985.35;04,03
26.02.08;CENTELLOGRAMA OSEO (UN AREA).;26;CENTELLOGRAFIA A CABEZAL MOVIL-LINEAL-;25;;;;60;1515.65;04,03
26.02.09;AREAS SUBSIGUIENTES.;26;CENTELLOGRAFIA A CABEZAL MOVIL-LINEAL-;10;;;;20;559.5;04,03
26.02.10;CENTELLOGRAFIA DE ARTICULACIONES. INCLUYE ARTROCENTESIS;26;CENTELLOGRAFIA A CABEZAL MOVIL-LINEAL-;15;;;;50;1073.05;04,03
26.02.11;CENTELLOGRAMA DE TIROIDES.;26;CENTELLOGRAFIA A CABEZAL MOVIL-LINEAL-;12;;;;30;741.54;04,03
26.02.12;CENTELLOGRAMA DE TIROIDES Y MEDIASTINO.;26;CENTELLOGRAFIA A CABEZAL MOVIL-LINEAL-;20;;;;50;1235.9;04,03
26.02.13;BARRIDO TOTAL (PARA CARCINOMA DE TIROIDES).;26;CENTELLOGRAFIA A CABEZAL MOVIL-LINEAL-;85;;;;130;4288.15;04,03
26.02.14;CENTELLOGRAMA DE PARATIROIDES.;26;CENTELLOGRAFIA A CABEZAL MOVIL-LINEAL-;12;;;;30;741.54;04,03
26.02.15;CENTELLOGRAMA DE GLANDULAS SALIVALES.;26;CENTELLOGRAFIA A CABEZAL MOVIL-LINEAL-;15;;;;50;1073.05;04,03
26.02.16;CENTELLOGRAMA DE PULMON (DOS POSICIONES COMO MINIMO).;26;CENTELLOGRAFIA A CABEZAL MOVIL-LINEAL-;30;;;;80;1912.3;04,03
26.02.17;CENTELLOGRAMA HEPATICO (DOS POSICIONES COMO MINIMO).;26;CENTELLOGRAFIA A CABEZAL MOVIL-LINEAL-;30;;;;80;1912.3;04,03
26.02.18;CENTELLOGRAFIA DEL POOL VASCULAR HEPATICO.;26;CENTELLOGRAFIA A CABEZAL MOVIL-LINEAL-;30;;;;90;2029.2;04,03
26.02.19;CENTELLOGRAMA DE PANCREAS.;26;CENTELLOGRAFIA A CABEZAL MOVIL-LINEAL-;30;;;;80;1912.3;04,03
26.02.20;CENTELLOGRAMA DE BAZO.;26;CENTELLOGRAFIA A CABEZAL MOVIL-LINEAL-;30;;;;80;1912.3;04,03
26.02.21;CENTELLOGRAMA RENAL (BILATERAL).;26;CENTELLOGRAFIA A CABEZAL MOVIL-LINEAL-;30;;;;60;1678.5;04,03
26.02.22;CENTELLOGRAFIA DEL POOL VASCULAR RENAL.;26;CENTELLOGRAFIA A CABEZAL MOVIL-LINEAL-;30;;;;80;1912.3;04,03
26.02.23;CENTELLOGRAMA DE PLACENTA.;26;CENTELLOGRAFIA A CABEZAL MOVIL-LINEAL-;30;;;;60;1678.5;04,03
26.02.24;CENTELLOGRAMA DE VIAS LINFATICAS (ABDOMINOINGUINALES AX;26;CENTELLOGRAFIA A CABEZAL MOVIL-LINEAL-;30;;;;80;1912.3;04,03
26.02.25;POR POSICIONES ADICIONALES.;26;CENTELLOGRAFIA A CABEZAL MOVIL-LINEAL-;5;;;;15;338.2;04,03
26.02.31;Spect cardiaco-coronario;26;CENTELLOGRAFIA A CABEZAL MOVIL-LINEAL-;;;;;;;00
26.02.32;Spect cardiaco-coronario estudio de perfusion con tali;26;CENTELLOGRAFIA A CABEZAL MOVIL-LINEAL-;;1;;1;;51.72;01
26.02.33;Spect cardiaco-coronario estudio de perfucion con tali;26;CENTELLOGRAFIA A CABEZAL MOVIL-LINEAL-;;1;;1;;51.72;01
26.02.34;Estudio de la fucion ventricular izquierda y perfusion;26;CENTELLOGRAFIA A CABEZAL MOVIL-LINEAL-;;1;;1;;51.72;01
26.02.35;S.P.E.C.T. cerebral;26;CENTELLOGRAFIA A CABEZAL MOVIL-LINEAL-;;;;;;;
26.03.01;ACTH.;26;DETERMINACIONES POR RADIOINMUNOENSAYO -RIE-;8;;;;30;611.26;04,03
26.03.02;ALDOSTERONA.;26;DETERMINACIONES POR RADIOINMUNOENSAYO -RIE-;9;;;;40;760.73;04,03
26.03.03;ALFAFETOPROTEINAS.;26;DETERMINACIONES POR RADIOINMUNOENSAYO -RIE-;8;;;;30;611.26;04,03
26.03.04;ANTICUERPOS ANTINUCLEARES PLASMATICOS.;26;DETERMINACIONES POR RADIOINMUNOENSAYO -RIE-;10;;;;70;1144;04,03
26.03.05;ANGIOTENSINA l O ll.;26;DETERMINACIONES POR RADIOINMUNOENSAYO -RIE-;8;;;;30;611.26;04,03
26.03.06;ANTIGENO DE LA HEPATITIS B.;26;DETERMINACIONES POR RADIOINMUNOENSAYO -RIE-;10;;;;70;1144;04,03
26.03.07;AMP-CICLICO.;26;DETERMINACIONES POR RADIOINMUNOENSAYO -RIE-;8;;;;30;611.26;04,03
26.03.08;CALCITONINA.;26;DETERMINACIONES POR RADIOINMUNOENSAYO -RIE-;8;;;;30;611.26;04,03
26.03.09;CEA (CARCINOMA EMBRIOGENICO).;26;DETERMINACIONES POR RADIOINMUNOENSAYO -RIE-;8;;;;30;611.26;04,03
26.03.10;CORTISOL.;26;DETERMINACIONES POR RADIOINMUNOENSAYO -RIE-;8;;;;30;611.26;04,03
26.03.11;DIGITOXINA.;26;DETERMINACIONES POR RADIOINMUNOENSAYO -RIE-;8;;;;30;611.26;04,03
26.03.12;DIGOXINA.;26;DETERMINACIONES POR RADIOINMUNOENSAYO -RIE-;8;;;;30;611.26;04,03
26.03.13;ESTRADIOL.;26;DETERMINACIONES POR RADIOINMUNOENSAYO -RIE-;8;;;;30;611.26;04,03
26.03.14;ESTROGENOS TOTALES.;26;DETERMINACIONES POR RADIOINMUNOENSAYO -RIE-;8;;;;30;611.26;04,03
26.03.15;ESTRIOL PLASMATICO.;26;DETERMINACIONES POR RADIOINMUNOENSAYO -RIE-;8;;;;30;611.26;04,03
26.03.16;ESTRONA.;26;DETERMINACIONES POR RADIOINMUNOENSAYO -RIE-;8;;;;30;611.26;04,03
26.03.17;FERRITINA PLASMATICA.;26;DETERMINACIONES POR RADIOINMUNOENSAYO -RIE-;9;;;;30;643.83;04,03
26.03.18;F S H.;26;DETERMINACIONES POR RADIOINMUNOENSAYO -RIE-;8;;;;30;611.26;04,03
26.03.19;GLUCAGON PLASMATICO.;26;DETERMINACIONES POR RADIOINMUNOENSAYO -RIE-;9;;;;30;643.83;04,03
26.03.20;LACTOGENO PLACENTARIO.;26;DETERMINACIONES POR RADIOINMUNOENSAYO -RIE-;8;;;;30;611.26;04,03
26.03.21;L H.;26;DETERMINACIONES POR RADIOINMUNOENSAYO -RIE-;8;;;;30;611.26;04,03
26.03.22;INMUNOGLOBULINA.;26;DETERMINACIONES POR RADIOINMUNOENSAYO -RIE-;8;;;;30;611.26;04,03
26.03.23;INSULINA.;26;DETERMINACIONES POR RADIOINMUNOENSAYO -RIE-;8;;;;30;611.26;04,03
26.03.24;PARATHORMONA.;26;DETERMINACIONES POR RADIOINMUNOENSAYO -RIE-;9;;;;35;702.28;04,03
26.03.25;POLIPEPTIDO INHIBIDOR GASTRICO (G.I.P.) PLASMATICO.;26;DETERMINACIONES POR RADIOINMUNOENSAYO -RIE-;8;;;;30;611.26;04,03
26.03.26;POLIPEPTIDO INTESTINAL VASOACTIVO (V.I.P.) PLASMA.;26;DETERMINACIONES POR RADIOINMUNOENSAYO -RIE-;8;;;;30;611.26;04,03
26.03.27;POLIPEPTIDO PANCREATICO.;26;DETERMINACIONES POR RADIOINMUNOENSAYO -RIE-;8;;;;30;611.26;04,03
26.03.28;PROINSULINA.;26;DETERMINACIONES POR RADIOINMUNOENSAYO -RIE-;8;;;;30;611.26;04,03
26.03.29;PROGESTERONA.;26;DETERMINACIONES POR RADIOINMUNOENSAYO -RIE-;8;;;;30;611.26;04,03
26.03.30;PROLACTINA.;26;DETERMINACIONES POR RADIOINMUNOENSAYO -RIE-;8;;;;30;611.26;04,03
26.03.31;PROSTOGLANDINA E., o F., o P.G.A., o P.G.B., o P.G.F.I.;26;DETERMINACIONES POR RADIOINMUNOENSAYO -RIE-;9;;;;35;702.28;04,03
26.03.32;RENINA.;26;DETERMINACIONES POR RADIOINMUNOENSAYO -RIE-;8;;;;30;611.26;04,03
26.03.33;SOMATOTROFINA (STH).;26;DETERMINACIONES POR RADIOINMUNOENSAYO -RIE-;8;;;;30;611.26;04,03
26.03.34;TESTOSTERONA.;26;DETERMINACIONES POR RADIOINMUNOENSAYO -RIE-;10;;;;50;910.2;04,03
26.03.35;TIROXINA PLASMATICA TOTAL (T4).;26;DETERMINACIONES POR RADIOINMUNOENSAYO -RIE-;6;;;;25;487.67;04,03
26.03.36;TIROXINA EFECTIVA (ERT).;26;DETERMINACIONES POR RADIOINMUNOENSAYO -RIE-;6;;;;25;487.67;04,03
26.03.37;TRI-LODOTIRONINA (T3).;26;DETERMINACIONES POR RADIOINMUNOENSAYO -RIE-;6;;;;25;487.67;04,03
26.03.38;TIROTROFINA (TSH).;26;DETERMINACIONES POR RADIOINMUNOENSAYO -RIE-;8;;;;30;611.26;04,03
26.04.01;PRUEBA DE ESTIMULO DE LA SECRECION DE SOMOTOTROFINA (CO;26;PRUEBAS A DETERMINAR EL RETROMECANISMO HORMONAL;30;;;;150;2730.6;04,03
26.04.02;PRUEBA DE FRENO DE LA SECRECION DE SOMATOTROFINA. (CON;26;PRUEBAS A DETERMINAR EL RETROMECANISMO HORMONAL;30;;;;150;2730.6;04,03
26.04.03;PRUEBA DE ESTIMULO HIPOTALAMO HIPOFISIARIA. (CON;26;PRUEBAS A DETERMINAR EL RETROMECANISMO HORMONAL;25;;;;120;2217.05;04,03
26.04.04;PRUEBA DE ESTIMULO HIPOTALAMO HIPOFISIARIA. (CON;26;PRUEBAS A DETERMINAR EL RETROMECANISMO HORMONAL;25;;;;120;2217.05;04,03
26.04.05;PRUEBA DE ESTIMULO CANADAL CON HORMONA GONATROPA CORION;26;PRUEBAS A DETERMINAR EL RETROMECANISMO HORMONAL;15;;;;80;1423.75;04,03
26.04.06;PRUEBA DE ESTIMULO GONADAL CON HGG, (CON DETERMINACION;26;PRUEBAS A DETERMINAR EL RETROMECANISMO HORMONAL;20;;;;100;1820.4;04,03
26.04.07;PRUEBA DE ESTIMULO CON TRH (CON DETERMINACION DE TSH Y;26;PRUEBAS A DETERMINAR EL RETROMECANISMO HORMONAL;40;;;;160;3173.2;04,03
26.04.08;PRUEBA DE ESTIMULO CON TRH (CON DETERMINACION DE TSH);26;PRUEBAS A DETERMINAR EL RETROMECANISMO HORMONAL;25;;;;120;2217.05;04,03
26.04.09;ESTIMULO HIPOTALAMICO- HIPOFISIARIO (CON DETERMINACION;26;PRUEBAS A DETERMINAR EL RETROMECANISMO HORMONAL;25;;;;120;2217.05;04,03
26.04.10;INHIBICION HIPOTALAMICO- HIPOFISIARIA (CON DETERMINACIO;26;PRUEBAS A DETERMINAR EL RETROMECANISMO HORMONAL;25;;;;120;2217.05;04,03
26.04.11;PRUEBAS DE INHIBICION DE MUQUET O SIMILARES CON DETERMI;26;PRUEBAS A DETERMINAR EL RETROMECANISMO HORMONAL;15;;;;80;1423.75;04,03
26.04.12;ESTUDIO DEL RITMO CIARCADIANO DE CORTISOL. -B-;26;PRUEBAS A DETERMINAR EL RETROMECANISMO HORMONAL;15;;;;80;1423.75;04,03
26.04.13;PRUEBA ESTIMULO HIPOTALAMICA-HIPOFISIARIA CON DETERMINA;26;PRUEBAS A DETERMINAR EL RETROMECANISMO HORMONAL;25;;;;120;2217.05;04,03
26.04.14;PRUEBA DE INHIBICION HIPOTALAMICA-HIPOFISIARIA CON DETE;26;PRUEBAS A DETERMINAR EL RETROMECANISMO HORMONAL;25;;;;120;2217.05;04,03
26.04.20;SPECT CON ESFUERZO;26;PRUEBAS A DETERMINAR EL RETROMECANISMO HORMONAL;552;;;;;4526.4;30
26.05.01;CENTELLOGRAMA DE CEREBRO- DOS POSICIONES-.;26;PRUEBAS A DETERMINAR EL RETROMECANISMO HORMONAL;52.5;;;;70;3328.33;04,07
26.05.02;POR CADA POSICION SUBSIGUIENTE.;26;PRUEBAS A DETERMINAR EL RETROMECANISMO HORMONAL;7.5;;;;15;591.08;04,07
26.05.03;CENTELLOGRAFIA DE MEDULA OSEA.;26;PRUEBAS A DETERMINAR EL RETROMECANISMO HORMONAL;22.5;;;;70;2351.23;04,07
26.05.04;MIELOGRAFIA ISOTOPICA. EXCLUIDO HONORARIO DEL CIRUJANO.;26;PRUEBAS A DETERMINAR EL RETROMECANISMO HORMONAL;37.5;;;;70;2839.78;04,07
26.05.05;CISTERNOGRAFIA ISOTOPICA. EXCLUIDO HONORARIO DEL CIRUJA;26;PRUEBAS A DETERMINAR EL RETROMECANISMO HORMONAL;67.5;;;;120;4972.88;04,07
26.05.06;FISTULOGRAFIA ISOTOPICA DEL L.C.R. EXCLUIDO HONORARIO D;26;PRUEBAS A DETERMINAR EL RETROMECANISMO HORMONAL;52.5;;;;70;3328.33;04,07
26.05.07;VENTRICULOGRAFIA ISOTOPICA. EXCLUIDO HONORARIO DEL CIRU;26;PRUEBAS A DETERMINAR EL RETROMECANISMO HORMONAL;67.5;;;;120;4972.88;04,07
26.05.08;CENTELLOGRAMA OSEO (UN AREA). IDEM;26;PRUEBAS A DETERMINAR EL RETROMECANISMO HORMONAL;37.5;;;;70;2839.78;04,07
26.05.09;AREAS SUBSIGUIENTES.;26;PRUEBAS A DETERMINAR EL RETROMECANISMO HORMONAL;15;;;;15;835.35;04,07
26.05.10;CENTELLOGRAFIA DE ARTICULACIONES. INCLUYE ARTROCENTESIS;26;PRUEBAS A DETERMINAR EL RETROMECANISMO HORMONAL;22.5;;;;70;2351.23;04,07
26.05.11;CENTELLOGRAMA DE TIROIDES.;26;PRUEBAS A DETERMINAR EL RETROMECANISMO HORMONAL;18;;;;60;1973.46;04,07
26.05.12;CENTELLOGRAMA DE TIROIDES Y MEDIASTINO.;26;PRUEBAS A DETERMINAR EL RETROMECANISMO HORMONAL;30;;;;70;2595.5;04,07
26.05.13;BARRIDO TOTAL (PARA CARCINOMA DE TIROIDES).;26;PRUEBAS A DETERMINAR EL RETROMECANISMO HORMONAL;127.5;;;;140;7389.48;04,07
26.05.14;CENTELLOGRAMA DE PARATIROIDES.;26;PRUEBAS A DETERMINAR EL RETROMECANISMO HORMONAL;18;;;;60;1973.46;04,07
26.05.15;CENTELLOGRAMA DE GLANDULAS SALIVALES.;26;PRUEBAS A DETERMINAR EL RETROMECANISMO HORMONAL;22.5;;;;60;2120.03;04,07
26.05.16;CENTELLOGRAMA DE PULMON (2 POSICIONES COMO MINIMO).;26;PRUEBAS A DETERMINAR EL RETROMECANISMO HORMONAL;45;;;;70;3084.05;04,07
26.05.17;CENTELLOGRAMA HEPATICO (2 POSICIONES COMO MINIMO).;26;PRUEBAS A DETERMINAR EL RETROMECANISMO HORMONAL;45;;;;60;2852.85;04,07
26.05.18;CENTELLOGRAFIA DEL POOL VASCULAR HEPATICO.;26;PRUEBAS A DETERMINAR EL RETROMECANISMO HORMONAL;45;;;;70;3084.05;04,07
26.05.19;CENTELLOGRAMA DE PANCREAS.;26;PRUEBAS A DETERMINAR EL RETROMECANISMO HORMONAL;45;;;;70;3084.05;04,07
26.05.20;CENTELLOGRAMA DE BAZO.;26;PRUEBAS A DETERMINAR EL RETROMECANISMO HORMONAL;45;;;;70;3084.05;04,07
26.05.21;CENTELLOGRAMA RENAL (BILATERAL).;26;PRUEBAS A DETERMINAR EL RETROMECANISMO HORMONAL;45;;;;70;3084.05;04,07
26.05.22;CENTELLOGRAFIA DEL POOL VASCULAR RENAL.;26;PRUEBAS A DETERMINAR EL RETROMECANISMO HORMONAL;45;;;;70;3084.05;04,07
26.05.23;CENTELLOGRAMA DE PLACENTA.;26;PRUEBAS A DETERMINAR EL RETROMECANISMO HORMONAL;45;;;;70;3084.05;04,07
26.05.24;CENTELLOGRAMA DE VIAS LINFATICAS (ABDOMINOINGUINALES AX;26;PRUEBAS A DETERMINAR EL RETROMECANISMO HORMONAL;45;;;;70;3084.05;04,07
26.05.25;ANGIOGRAFIA RADIOISOTOPICA POR AREA. SE ENTIENDE POR AR;26;PRUEBAS A DETERMINAR EL RETROMECANISMO HORMONAL;30;;;;95;3173.5;04,07
26.05.26;ESTUDIO DINAMICO RENAL.;26;PRUEBAS A DETERMINAR EL RETROMECANISMO HORMONAL;45;;;;120;4240.05;04,07
26.05.27;RADIOCARDIOGRAMA.;26;PRUEBAS A DETERMINAR EL RETROMECANISMO HORMONAL;60;;;;140;5191;04,07
26.05.28;PERFUSION SANGUINEA MIOCARDICA CON RADIOISOTOPOS: A) EN;26;PRUEBAS A DETERMINAR EL RETROMECANISMO HORMONAL;30;;;;95;3173.5;04,07,04,07
26.05.29;FLEBOGRAFIA RADIOISOTOPICA POR AREAS SAFENAS FEMORAL IL;26;PRUEBAS A DETERMINAR EL RETROMECANISMO HORMONAL;30;;;;95;3173.5;04,07
26.05.30;POR AREA ADICIONAL.;26;PRUEBAS A DETERMINAR EL RETROMECANISMO HORMONAL;15;;;;20;950.95;04,07
26.05.31;DINAMICA DEL TRANSITO ESOFAGO-GASTRICO.;26;PRUEBAS A DETERMINAR EL RETROMECANISMO HORMONAL;30;;;;95;3173.5;04,07
26.05.32;DINAMICA TRANSITO INTESTINAL.;26;PRUEBAS A DETERMINAR EL RETROMECANISMO HORMONAL;30;;;;95;3173.5;04,07
26.05.70;captacion de iodo tiroides -MAT-RADIACT.;26;PRUEBAS A DETERMINAR EL RETROMECANISMO HORMONAL;2151.44;;;;;2151.44;50
26.05.71;dosis trapeutica hasta 20 mCi;26;PRUEBAS A DETERMINAR EL RETROMECANISMO HORMONAL;1018;;;;;1018;50
26.05.72;centellograma tiroides Mat-Radiactivo;26;PRUEBAS A DETERMINAR EL RETROMECANISMO HORMONAL;5702.91;;;;;5702.91;50
26.05.73;Flebografia radioisotopica -Mat-Radiactivo;26;PRUEBAS A DETERMINAR EL RETROMECANISMO HORMONAL;6589.12;;;;;6589.12;50
26.05.74;barrido total Ca. de tiroides - Mat. Radiactivo C/MIBI;26;PRUEBAS A DETERMINAR EL RETROMECANISMO HORMONAL;3083;;;;;3083;50
26.05.75;centellograma de bazo -Mat.Radiactivo;26;PRUEBAS A DETERMINAR EL RETROMECANISMO HORMONAL;6589.12;;;;;6589.12;50
26.05.77;centellograma oseo 1 area y sub-siguientes (260508-09);26;PRUEBAS A DETERMINAR EL RETROMECANISMO HORMONAL;6589.12;;;;;6589.12;50
26.05.78;centellograma de pulmon x ventilacion Mat. Radiactivo;26;PRUEBAS A DETERMINAR EL RETROMECANISMO HORMONAL;11730.7;;;;;11730.7;50
26.05.79;centellograma Hepatico MAT-RADIACTIVO;26;PRUEBAS A DETERMINAR EL RETROMECANISMO HORMONAL;6589.12;;;;;6589.12;50
26.05.80;Centellograma Renal - Material Radiactivo;26;PRUEBAS A DETERMINAR EL RETROMECANISMO HORMONAL;6589.12;;;;;6589.12;50
26.05.81;Estudio Dinamico Renal Material Rdiactivo;26;PRUEBAS A DETERMINAR EL RETROMECANISMO HORMONAL;11549.5;;;;;11549.5;50
26.05.82;centellograma vias linfaticas -Mat. Radioactivo;26;PRUEBAS A DETERMINAR EL RETROMECANISMO HORMONAL;10497.5;;;;;10497.5;50
26.05.83;Radiocardigrama Mat. Radiactivo (260527x2);26;PRUEBAS A DETERMINAR EL RETROMECANISMO HORMONAL;632;;;;;632;50
26.05.84;perfusion miocardica sangui. Mat. Radioactivo;26;PRUEBAS A DETERMINAR EL RETROMECANISMO HORMONAL;;;;;;;50
26.05.85;Evacuacuion gastrica-reflujo gastrico - Mat. Rdioactivo;26;PRUEBAS A DETERMINAR EL RETROMECANISMO HORMONAL;6589.12;;;;;6589.12;50
26.05.86;cisternografia Mat- Radiactivo;26;PRUEBAS A DETERMINAR EL RETROMECANISMO HORMONAL;6589.12;;;;;6589.12;50
26.05.87;Paratiroides;26;PRUEBAS A DETERMINAR EL RETROMECANISMO HORMONAL;4117.23;;;;;4117.23;50
26.05.88;material spect. cerebral;26;PRUEBAS A DETERMINAR EL RETROMECANISMO HORMONAL;13726.3;;;;;13726.3;50
26.05.89;material spect cardiaco;26;PRUEBAS A DETERMINAR EL RETROMECANISMO HORMONAL;15008.1;;;;;15008.1;50
26.05.90;TRAT.P/CARCINOMA DE TIROIDES DESDE 291 HASTA 340 mCI;26;PRUEBAS A DETERMINAR EL RETROMECANISMO HORMONAL;73537.8;;;;;73537.8;50
26.05.91;spect . c/mat.al 50%;26;PRUEBAS A DETERMINAR EL RETROMECANISMO HORMONAL;642.4;;;;;642.4;50
26.05.92;Dosis Terapeutica entre 21 y40 mCi;26;PRUEBAS A DETERMINAR EL RETROMECANISMO HORMONAL;16350.7;;;;;16350.7;50
26.05.93;Dosis teraputica (hasta 20 mCi) Mat. Radiativo;26;PRUEBAS A DETERMINAR EL RETROMECANISMO HORMONAL;10330.6;;;;;10330.6;50
26.05.94;Barrido total para ca con YODO 131;26;PRUEBAS A DETERMINAR EL RETROMECANISMO HORMONAL;7064.27;;;;;7064.27;50
26.05.95;Barrido corporal total para CA con MIBI;26;PRUEBAS A DETERMINAR EL RETROMECANISMO HORMONAL;11865.5;;;;;11865.5;50
26.05.96;Dosis terapeutica hasta 130 mCi;26;PRUEBAS A DETERMINAR EL RETROMECANISMO HORMONAL;32006.3;;;;;32006.3;50
26.05.97;Dosis terapeutica de 131 hasta 180 mCi;26;PRUEBAS A DETERMINAR EL RETROMECANISMO HORMONAL;42721.5;;;;;42721.5;50
26.05.98;Dosis teraputica de 181 hasta 240 mCi;26;PRUEBAS A DETERMINAR EL RETROMECANISMO HORMONAL;47970.3;;;;;47970.3;50
26.05.99;trat.para carcinoma de tiroides desde 240 hasta 290 mCI;26;PRUEBAS A DETERMINAR EL RETROMECANISMO HORMONAL;63955.2;;;;;63955.2;50
26.09.50;SPECT $ 950 (CON presupuesto, obvio);26;PRUEBAS A DETERMINAR EL RETROMECANISMO HORMONAL;950.58;;;;;9372.72;11
27.01.01;HEMODIALISIS CON RIÑON ARTIFICIAL EN INSUFICIENCIA AGUD;27;PRUEBAS A DETERMINAR EL RETROMECANISMO HORMONAL;40;;;;440;6446.4;04,03
27.01.02;HEMODIALISIS CON RIÑON ARTIFICIAL EN INSUFICIENCIA CRON;27;PRUEBAS A DETERMINAR EL RETROMECANISMO HORMONAL;20;;;;440;5795;04,03
27.01.03;DIALISIS PERITONEAL.;27;PRUEBAS A DETERMINAR EL RETROMECANISMO HORMONAL;20;;;;220;3223.2;04,03
27.01.04;Hemodialisis peritoneal continua ambulatoria;27;PRUEBAS A DETERMINAR EL RETROMECANISMO HORMONAL;;1;;1;;51.72;01
27.02.01;Evaluacion pretrasplante renal en receptor;27;PRUEBAS A DETERMINAR EL RETROMECANISMO HORMONAL;;1;;1;;51.72;01
27.02.02;Evaluacion pretraspalnte renal en dador;27;PRUEBAS A DETERMINAR EL RETROMECANISMO HORMONAL;;1;;1;;51.72;01
28.01.01;ESPIROMETRIA. COMPRENDE: CAPACIDAD VITAL FORZADA, FLUJO;28;PRUEBAS A DETERMINAR EL RETROMECANISMO HORMONAL;7.5;;;;18;454.7;04,03
28.01.02;ESPIROMETRIA ANTES Y DESPUES DE USO DE BRONCODILATADORE;28;PRUEBAS A DETERMINAR EL RETROMECANISMO HORMONAL;12;;;;18;601.26;04,03
28.01.03;BRONCOESPIROMETRIA.;28;PRUEBAS A DETERMINAR EL RETROMECANISMO HORMONAL;15;;;;45;1014.6;04,03
28.01.04;TRAQUEOSCOPIA.;28;PRUEBAS A DETERMINAR EL RETROMECANISMO HORMONAL;9;;;;20;526.93;04,03
28.01.05;BRONCOSCOPIA CON INSTRUMENTAL RIGIDO.;28;PRUEBAS A DETERMINAR EL RETROMECANISMO HORMONAL;37.5;;;;70;2039.68;04,03
28.01.06;BRONCOFIBROSCOPIA.;28;PRUEBAS A DETERMINAR EL RETROMECANISMO HORMONAL;45;;;;342;5463.63;04,03
28.01.07;CURVA DE FLUJO VOLUMEN (CON O SIN ESPIROMETRIA).;28;PRUEBAS A DETERMINAR EL RETROMECANISMO HORMONAL;7.5;;;;10;361.18;04,03,30
28.01.09;ESTUDIO DE MECANICA PULMONAR (COMPRENDE DISTENSIBILIDAD;28;PRUEBAS A DETERMINAR EL RETROMECANISMO HORMONAL;18;;;;20;820.06;04,03
28.01.10;ANALISIS DE GASES EN AIRE ESPIRADO Y EN SANGRE ARTERIOV;28;PRUEBAS A DETERMINAR EL RETROMECANISMO HORMONAL;18;;;;20;820.06;04,03
28.01.11;Capacidad pulmonar total y volumen residual. Tecnica de;28;PRUEBAS A DETERMINAR EL RETROMECANISMO HORMONAL;482.5;;;1;;1515.05;32
28.01.12;Espirometria Computada(curva flujo/volumen pre y pos;28;PRUEBAS A DETERMINAR EL RETROMECANISMO HORMONAL;1;;;;;51.72;01
28.01.13;medición volumenes pulmonares estaticos (Pletismografia;28;PRUEBAS A DETERMINAR EL RETROMECANISMO HORMONAL;1;;;;;51.72;01
28.01.14;prueba de difusion de monoxido de carbono (DLCO);28;PRUEBAS A DETERMINAR EL RETROMECANISMO HORMONAL;1;;;;;51.72;01
28.01.15;Medicion de Presiones Bucales Maximas (PIMAX Y PEMAX);28;PRUEBAS A DETERMINAR EL RETROMECANISMO HORMONAL;1;;;;;51.72;01
28.01.16;Prueba de Marcha de 6 minutos;28;PRUEBAS A DETERMINAR EL RETROMECANISMO HORMONAL;1;;;;;51.72;01
28.01.17;Prueba de titulacion con oxigeno para oxigenoterapia do;28;PRUEBAS A DETERMINAR EL RETROMECANISMO HORMONAL;1;;;;;51.72;01
28.01.18;test de broncoprovocación con ejercicio, Metacolina o;28;PRUEBAS A DETERMINAR EL RETROMECANISMO HORMONAL;1;;;;;51.72;01
28.01.19;Test de Ejercicio Cardiopulmonar con consumo de Oxigeno;28;PRUEBAS A DETERMINAR EL RETROMECANISMO HORMONAL;1;;;;;51.72;01
28.01.20;Programa de Rehabilitación Respiratoria (24 sesiones-3;28;PRUEBAS A DETERMINAR EL RETROMECANISMO HORMONAL;1;;;;;51.72;01
28.01.21;Medición de gases en aire espirado:Dioxido Carbono (C02;28;PRUEBAS A DETERMINAR EL RETROMECANISMO HORMONAL;1;;;;;51.72;01
28.01.22;Oximetria nocturna (con registro grafico e informe);28;PRUEBAS A DETERMINAR EL RETROMECANISMO HORMONAL;1;;;;;51.72;01
28.01.23;Poligrafia respiratoria nocturna con oximetria;28;PRUEBAS A DETERMINAR EL RETROMECANISMO HORMONAL;1;;;;;51.72;01
28.01.24;Polisomnografia nocturna con oximetria sin Técnico;28;PRUEBAS A DETERMINAR EL RETROMECANISMO HORMONAL;1;;;;;51.72;01
28.01.25;Polisomnografía nocturna con oximetria con Técnico;28;PRUEBAS A DETERMINAR EL RETROMECANISMO HORMONAL;1;;;;;51.72;01
28.01.26;Polisomnografía nocturna con oximetria y titulación CP;28;PRUEBAS A DETERMINAR EL RETROMECANISMO HORMONAL;1;;;;;51.72;01
28.01.27;TITULACIÓN DE VNI DOMICILIARIO (CPAP o BIPAP);28;PRUEBAS A DETERMINAR EL RETROMECANISMO HORMONAL;1;;;;;51.72;01
28.01.28;Talleres Educativos 1 Hs.;28;PRUEBAS A DETERMINAR EL RETROMECANISMO HORMONAL;1;;;;;51.72;01
28.01.29;Fibrobroncoscopia (lavado bronquio-Alveolar,Cepillado,;28;PRUEBAS A DETERMINAR EL RETROMECANISMO HORMONAL;1;;;;;51.72;01
28.01.30;Videobroncoscopía;28;PRUEBAS A DETERMINAR EL RETROMECANISMO HORMONAL;1;;;;;51.72;01
28.01.31;Broncoscopia Rigida;28;PRUEBAS A DETERMINAR EL RETROMECANISMO HORMONAL;1;;;;;51.72;01
28.01.32;Cambio de canula de traqueostomía en internación, domi;28;PRUEBAS A DETERMINAR EL RETROMECANISMO HORMONAL;1;;;;;51.72;01
28.01.33;Intubación Dificultosa;28;PRUEBAS A DETERMINAR EL RETROMECANISMO HORMONAL;1;;;;;51.72;01
28.01.34;Toracocentesis;28;PRUEBAS A DETERMINAR EL RETROMECANISMO HORMONAL;1;;;;;51.72;01
28.01.35;Biopsia Pleural con Aguja;28;PRUEBAS A DETERMINAR EL RETROMECANISMO HORMONAL;1;;;;;51.72;01
28.01.60;Oximetria;28;PRUEBAS A DETERMINAR EL RETROMECANISMO HORMONAL;;1;;1;;51.72;01
28.02.01;Lavado alveolar;28;PRUEBAS A DETERMINAR EL RETROMECANISMO HORMONAL;;1;;1;;51.72;01
28.03.01;Ablacion de lesiones broncopulmonares por via endosco-;28;PRUEBAS A DETERMINAR EL RETROMECANISMO HORMONAL;;0.01;;1;;0.52;01
28.04.01;Prueba de provocacion bronquial con metacolina.;28;PRUEBAS A DETERMINAR EL RETROMECANISMO HORMONAL;;1;;1;;51.72;01
28.04.02;Test de caminata;28;PRUEBAS A DETERMINAR EL RETROMECANISMO HORMONAL;;1;;1;;51.72;01
29.01.01;ELECTROENCEFALOGRAFIA CON ACTIVACION SIMPLE.;29;PRUEBAS A DETERMINAR EL RETROMECANISMO HORMONAL;98.47;;;;;807.45;30
29.01.02;ELECTROENCEFALOGRAFIA CON ACTIVACION COMPLEJA.;29;PRUEBAS A DETERMINAR EL RETROMECANISMO HORMONAL;195;;;;;1599;30
29.01.03;NISTAGMOGRAFIA. ELECTRORRETINOGRAFIA.;29;PRUEBAS A DETERMINAR EL RETROMECANISMO HORMONAL;15;;;;40;956.15;04,03
29.01.04;ELECTROMIOGRAFIA DE MIEMBROS SUPERIORES O INFERIORES O;29;PRUEBAS A DETERMINAR EL RETROMECANISMO HORMONAL;250;;;;;2050;30
29.01.05;ELECTROMIOGRAFIA DE LOS CUATRO MIEMBROS.;29;PRUEBAS A DETERMINAR EL RETROMECANISMO HORMONAL;350;;;;;2870;30
29.01.06;ELECTROMIOGRAFIA CON VELOCIDAD DE CONDUCCION.;29;PRUEBAS A DETERMINAR EL RETROMECANISMO HORMONAL;22.5;;;;60;1434.23;04,03
29.01.07;REFLEXOGRAMA PATELAR Y/O AQUILIANO.;29;PRUEBAS A DETERMINAR EL RETROMECANISMO HORMONAL;4.5;;;;10;263.47;04,03
29.01.08;CRONAXIMETRIA.;29;PRUEBAS A DETERMINAR EL RETROMECANISMO HORMONAL;4.5;;;;15;321.92;04,03
29.01.09;ELECTRODIAGNOSTICO.;29;PRUEBAS A DETERMINAR EL RETROMECANISMO HORMONAL;4.5;;;;15;321.92;04,03
29.01.10;REOGRAFIA CEREBRAL, CARDIACA O VASCULAR PERIFERICA.;29;PRUEBAS A DETERMINAR EL RETROMECANISMO HORMONAL;15;;;;40;956.15;04,03
29.01.11;Portenciales evocados de cualquier via de conduccion o;29;PRUEBAS A DETERMINAR EL RETROMECANISMO HORMONAL;;1;;1;;32.57;21
29.01.12;Holter electroencefalografico;29;PRUEBAS A DETERMINAR EL RETROMECANISMO HORMONAL;;1;;1;;;
29.01.50;EEG digital prolongado;29;PRUEBAS A DETERMINAR EL RETROMECANISMO HORMONAL;;1;;1;;51.72;01
29.01.60;EEG digital prolongado-sueño inducido con o s/mapeo;29;PRUEBAS A DETERMINAR EL RETROMECANISMO HORMONAL;295.46;;;;;2422.77;30
29.01.61;potenciales evocados 1 modalidad;29;PRUEBAS A DETERMINAR EL RETROMECANISMO HORMONAL;210;;;;;1722;30
29.01.62;potenciales evocados 2 modalidades;29;PRUEBAS A DETERMINAR EL RETROMECANISMO HORMONAL;300;;;;;2460;30
29.01.63;potenciales evocados 3 modalidades;29;PRUEBAS A DETERMINAR EL RETROMECANISMO HORMONAL;344.7;;;;;2826.54;30
29.01.64;induccion de sueño (adicional a los anteriores);29;PRUEBAS A DETERMINAR EL RETROMECANISMO HORMONAL;69;;;;;565.8;30
29.01.65;potenciales evocados a domicilio-1 a 3 modalidades;29;PRUEBAS A DETERMINAR EL RETROMECANISMO HORMONAL;426.77;;;;;3499.51;30
29.02.01;Polisomnografia con oximetria en neonatos;29;PRUEBAS A DETERMINAR EL RETROMECANISMO HORMONAL;;1;;1;;51.72;01
29.02.02;Polisomnografia con oximetria nocturna en adultos con;29;PRUEBAS A DETERMINAR EL RETROMECANISMO HORMONAL;;1;;1;;51.72;01
29.02.03;Tratamiento del bleafarospasmo con toxina botulinica;29;PRUEBAS A DETERMINAR EL RETROMECANISMO HORMONAL;;1;;1;;51.72;01
29.50.03;Potenciales evocados (1 estudio);29;PRUEBAS A DETERMINAR EL RETROMECANISMO HORMONAL;;1;;1;;51.72;01
29.50.04;Potenciales evocados (2 estudios);29;PRUEBAS A DETERMINAR EL RETROMECANISMO HORMONAL;;1;;1;;51.72;01
29.50.05;Potenciales evocados (3 estudios);29;PRUEBAS A DETERMINAR EL RETROMECANISMO HORMONAL;;1;;1;;51.72;01
30.01.01;OFTALMODINAMOMETRIA.;30;PRUEBAS A DETERMINAR EL RETROMECANISMO HORMONAL;7.5;;;;5;302.73;04,03
30.01.02;CAMPO VISUAL (CAMPIMETRIA Y/O PERIMETRIA).;30;PRUEBAS A DETERMINAR EL RETROMECANISMO HORMONAL;18;;;;5;644.71;04,03
30.01.04;FONDO DE OJO Y/O ESQUIASCOPIA (CON DILATACION PUPILAR).;30;PRUEBAS A DETERMINAR EL RETROMECANISMO HORMONAL;;;;;;;
30.01.05;TONOMETRIA.;30;PRUEBAS A DETERMINAR EL RETROMECANISMO HORMONAL;;;;;;;
30.01.06;TONOMETRIA EN NIÑOS CON ANESTESIA GENERAL.;30;PRUEBAS A DETERMINAR EL RETROMECANISMO HORMONAL;22.5;;;;15;908.18;04,03
30.01.07;EJERCICIOS ORTOPTICOS, POR SESION.;30;PRUEBAS A DETERMINAR EL RETROMECANISMO HORMONAL;;;;;;;
30.01.08;GONIOSCOPIA.;30;PRUEBAS A DETERMINAR EL RETROMECANISMO HORMONAL;7.5;;;;5;302.73;04,03
30.01.09;CURVA TENSIONAL.;30;PRUEBAS A DETERMINAR EL RETROMECANISMO HORMONAL;12;;;;15;566.19;04,03
30.01.10;TONOGRAFIA (CON TONOGRAFO ELECTRONICO).;30;PRUEBAS A DETERMINAR EL RETROMECANISMO HORMONAL;7.5;;;;15;419.63;04,03
30.01.11;RETINOGRAFIA CON TRES PLACAS.;30;PRUEBAS A DETERMINAR EL RETROMECANISMO HORMONAL;9;;;;50;877.63;04,03
30.01.12;RETINOGRAFIA CON TRES PLACAS.;30;PRUEBAS A DETERMINAR EL RETROMECANISMO HORMONAL;120;;;;;1183.2;11
30.01.13;RETINOFLUORESCENCIA.;30;PRUEBAS A DETERMINAR EL RETROMECANISMO HORMONAL;22.5;;;;50;1317.33;04,03
30.01.14;EXOFTALMOMETRIA.;30;PRUEBAS A DETERMINAR EL RETROMECANISMO HORMONAL;;;;;;;
30.01.15;EXTRACCION DE CUERPO EXTRAÑO CONJUNTIVAL.;30;PRUEBAS A DETERMINAR EL RETROMECANISMO HORMONAL;;;;;;;
30.01.16;EXTRACCION DE CUERPO EXTRAÑO EN CORNEA.;30;PRUEBAS A DETERMINAR EL RETROMECANISMO HORMONAL;4.5;;;;3;181.64;04,03
30.01.17;DEPILACION ELECTRICA DEL PARPADO (DE TODOS LOS ELEMENTO;30;PRUEBAS A DETERMINAR EL RETROMECANISMO HORMONAL;4.5;;;;10;263.47;04,03
30.01.18;DILATACION DE CONDUCTO LACRIMONASAL CON INTUBACION.;30;PRUEBAS A DETERMINAR EL RETROMECANISMO HORMONAL;27;;;;5;937.84;04,03
30.01.19;OFTALMOSCOPIA INDIRECTA BINOCULAR CON ESQUEMA DE FONDO;30;PRUEBAS A DETERMINAR EL RETROMECANISMO HORMONAL;7.5;;;;5;302.73;04,03
30.01.20;ESTUDIO DE FIJACION EN EL ESTRABISMO (CON VISUSCOPIO).;30;PRUEBAS A DETERMINAR EL RETROMECANISMO HORMONAL;12;;;;5;449.29;04,03
30.01.21;CATERIZACION DE CONDUCTO LACRIMONASAL.;30;PRUEBAS A DETERMINAR EL RETROMECANISMO HORMONAL;;;;;;;
30.01.22;EXOFTALMOLOGIA (INCLUYE PRESCRIPCION DE CRISTALES, SU C;30;PRUEBAS A DETERMINAR EL RETROMECANISMO HORMONAL;18;;;;6;656.4;04,03
30.01.37;MANOMETRIA ANORECTAL;30;PRUEBAS A DETERMINAR EL RETROMECANISMO HORMONAL;;1;;1;;51.72;01
30.01.51;MANOMETRIA ESOFAGICA;30;PRUEBAS A DETERMINAR EL RETROMECANISMO HORMONAL;;1;;1;;51.72;01
30.02.01;Campimetria Computarizada;30;PRUEBAS A DETERMINAR EL RETROMECANISMO HORMONAL;;1;;1;;51.72;01
30.02.02;Paquimetria Computarizada;30;PRUEBAS A DETERMINAR EL RETROMECANISMO HORMONAL;;1;;1;;51.72;01
30.02.04;Topografia corneal;30;PRUEBAS A DETERMINAR EL RETROMECANISMO HORMONAL;;1;;1;;51.72;01
30.02.05;Angiografia con indocianina;30;PRUEBAS A DETERMINAR EL RETROMECANISMO HORMONAL;;1;;1;;51.72;01
31.01.01;EXAMEN FUNCIONAL LABERINTICO.;31;PRUEBAS A DETERMINAR EL RETROMECANISMO HORMONAL;4.5;;;;10;263.47;04,03
31.01.02;AUDIOMETRIA.;31;PRUEBAS A DETERMINAR EL RETROMECANISMO HORMONAL;28;;;;;229.6;30
31.01.03;LOGOAUDIOMETRIA.;31;PRUEBAS A DETERMINAR EL RETROMECANISMO HORMONAL;33;;;;;270.6;30
31.01.04;PRUEBAS SUPRALIMINARES, CADA UNA.;31;PRUEBAS A DETERMINAR EL RETROMECANISMO HORMONAL;28;;;;;229.6;30
31.01.05;SELECCION DE OTOAMPLIFONOS.;31;PRUEBAS A DETERMINAR EL RETROMECANISMO HORMONAL;58;;;;;475.6;30
31.01.07;TECNICA DE PROETZ, HASTA DIEZ SESIONES.;31;PRUEBAS A DETERMINAR EL RETROMECANISMO HORMONAL;7.5;;;;20;478.08;04,03
31.01.08;INSUFLACION DE LAS TROMPAS DE EUSTAQUIO, (MAXIMO CINCO;31;PRUEBAS A DETERMINAR EL RETROMECANISMO HORMONAL;;;;;;;
31.01.09;IMPEDANCIOMETRIA.;31;PRUEBAS A DETERMINAR EL RETROMECANISMO HORMONAL;46;;;;;377.2;30
31.01.10;EXAMEN FUNCIONAL DE NARIZ (RINOMANOMETRIA).;31;PRUEBAS A DETERMINAR EL RETROMECANISMO HORMONAL;15;;;;60;1189.95;04,03
31.01.11;EXTRACCION DE CUERPO EXTRAÑO EN OIDO. EXTR;31;PRUEBAS A DETERMINAR EL RETROMECANISMO HORMONAL;4.5;;;;5;205.02;04,03
31.01.12;TAPONAMIENTO NASAL ANTERIOR.;31;PRUEBAS A DETERMINAR EL RETROMECANISMO HORMONAL;3;;;;5;156.16;04,03
31.01.13;TAPONAMIENTO NASAL ANTEROPOSTERIOR.;31;PRUEBAS A DETERMINAR EL RETROMECANISMO HORMONAL;4.5;;;;5;205.02;04,03
31.01.14;EXTRACCION DE CUERPO EXTRAÑO EN NARIZ.;31;PRUEBAS A DETERMINAR EL RETROMECANISMO HORMONAL;;;;;;;
31.01.15;CAUTERIZACION DE NARIZ.;31;PRUEBAS A DETERMINAR EL RETROMECANISMO HORMONAL;4.5;;;;5;205.02;04,03
31.01.16;LAVAJE DE SENO PARANASAL UNI O BILATERAL.;31;PRUEBAS A DETERMINAR EL RETROMECANISMO HORMONAL;;;;;;;
31.01.17;LARINGOSCOPIA INDIRECTA DIAGNOSTICA.;31;PRUEBAS A DETERMINAR EL RETROMECANISMO HORMONAL;;;;;;;
31.01.18;LARINGOSCOPIA DIRECTA.;31;PRUEBAS A DETERMINAR EL RETROMECANISMO HORMONAL;15;;;;30;839.25;04,03
31.01.19;EXPRESION DE ADENOIDES O LAVAJE RINOADENOIDEO.;31;PRUEBAS A DETERMINAR EL RETROMECANISMO HORMONAL;;;;;;;
31.01.20;EXTRACCION DE CALCULO SALIVAL, SIN INCISION CATERIZACIO;31;PRUEBAS A DETERMINAR EL RETROMECANISMO HORMONAL;4.5;;;;5;205.02;04,03
31.01.21;INYECCION DE SUSTANCIA RADIOPACA PARA BRONCOGRAFIA.;31;PRUEBAS A DETERMINAR EL RETROMECANISMO HORMONAL;3;;;;;97.71;04,03
31.01.22;OTOMICROSCOPIA.;31;PRUEBAS A DETERMINAR EL RETROMECANISMO HORMONAL;4.5;;;;10;263.47;04,03
31.01.23;NASOFIBROSCOPIA LARINGEA;31;PRUEBAS A DETERMINAR EL RETROMECANISMO HORMONAL;260;;;;;2132;30
31.01.24;rinolaringofibroscopia (hon;gastos, medic. descatables;31;PRUEBAS A DETERMINAR EL RETROMECANISMO HORMONAL;260;;;;;2132;30
31.01.25;Tratamiento de lesiones otorinolaringologicas por;31;PRUEBAS A DETERMINAR EL RETROMECANISMO HORMONAL;;1;;1;;51.72;01
31.01.72;timpanometria no nomenclada;31;PRUEBAS A DETERMINAR EL RETROMECANISMO HORMONAL;55;;;;;451;30
31.01.87;Otoemisiones acusticas;31;PRUEBAS A DETERMINAR EL RETROMECANISMO HORMONAL;;1;;1;;51.72;01
32.01.04;ATENCION DEL RECIEN NACIDO NORMAL O PATOLOGICO EN;32;PRUEBAS A DETERMINAR EL RETROMECANISMO HORMONAL;569.5;;;;;4669.9;30
33.01.01;PSICOTERAPIAS INDIVIDUALES, NIÑOS O ADULTOS, POR SESION;33;PRUEBAS A DETERMINAR EL RETROMECANISMO HORMONAL;19.5;;;;;737.69;05,03
33.01.02;PSICOTERAPIAS GRUPALES O COLECTIVAS, NIÑOS O ADULTOS PO;33;PRUEBAS A DETERMINAR EL RETROMECANISMO HORMONAL;3.75;;;;;141.86;05,03,11
33.01.04;SIN DESCRIPCION;33;PRUEBAS A DETERMINAR EL RETROMECANISMO HORMONAL;25.7;;;;;972.23;05
33.01.07;GOTEO CON PSICOFARMACOS EN LOS ENFERMOS NO INTERNADOS.;33;PRUEBAS A DETERMINAR EL RETROMECANISMO HORMONAL;9.75;;;;15;544.19;05,03
33.01.09;SUEÑO PROLONGADO. POR DIA. INCLUYE LAS VISITAS DURANTE;33;PRUEBAS A DETERMINAR EL RETROMECANISMO HORMONAL;6;;;;;226.98;05,03
33.01.10;REFLEJOS CONDICIONADOS (HASTA 15 SESIONES). POR SESION.;33;PRUEBAS A DETERMINAR EL RETROMECANISMO HORMONAL;6;;;;;226.98;05,03
33.01.11;PRUEBAS PSICOMETRICAS (BATERIA DE UN MINIMO DE CUATRO T;33;PRUEBAS A DETERMINAR EL RETROMECANISMO HORMONAL;29.25;;;;;1106.53;05
33.01.12;PRUEBAS PROYECTIVAS. PERFIL DE PERSONALIDAD (BATERIA DE;33;PRUEBAS A DETERMINAR EL RETROMECANISMO HORMONAL;58.5;;;;;2213.06;05
33.02.01;Hospital de dia;33;PRUEBAS A DETERMINAR EL RETROMECANISMO HORMONAL;;1;;1;;51.72;01
33.02.02;Hospital de noche;33;PRUEBAS A DETERMINAR EL RETROMECANISMO HORMONAL;;1;;1;;51.72;01
33.03.01;Talleres y actividades grupales para prevencion primari;33;PRUEBAS A DETERMINAR EL RETROMECANISMO HORMONAL;;1;;1;;51.72;01
33.03.02;Taller de eswtimulacion temprana, incluye guarderia;33;PRUEBAS A DETERMINAR EL RETROMECANISMO HORMONAL;;1;;1;;51.72;01
33.60.09;entrevista de admisión;33;PRUEBAS A DETERMINAR EL RETROMECANISMO HORMONAL;55.2;;;;;544.27;11
34.01.01;RADIOSCOPIA SIMPLE (COMO UNICO ESTUDIO ). A;34;RADIOSCOPIA;5.25;;;;20;600.42;18,07
34.01.02;RADIOSCOPIA CON INTENSIFICADOR DE IMAGENES (AGREGAR AL;34;RADIOSCOPIA;5.25;;;;60;1525.22;18,07
34.01.03;RADIOSCOPIA CON CIRCUITO CERRADO DE TELEVISION (AGREGAR;34;RADIOSCOPIA;5.25;;;;60;1525.22;18,07
34.02.01;RADIOGRAFIA DEL CRANEO, CARA, SENOS PARANASALES O CAVUN;34;RADIOLOGIA DEL APARATO ESQUELETICO;6.75;;;;25;755.46;18,07
34.02.02;POR EXPOSICION SUBISGUIENTE. B;34;RADIOLOGIA DEL APARATO ESQUELETICO;2.25;;;;20;521.55;18,07
34.02.03;HUESO TEMPORAL O AGUJEROS OPTICOS, COMPARATIVOS, POR IN;34;RADIOLOGIA DEL APARATO ESQUELETICO;9.75;;;;30;949.93;18,07
34.02.04;ARTICULACION TEMPOROMANDIBULAR, TRES POSICIONES, COMPAR;34;RADIOLOGIA DEL APARATO ESQUELETICO;9.75;;;;30;949.93;18,07
34.02.05;ORTOPANTOMOGRAFIA (RADIOGRAFIA PANORAMICA DE CRANEO CAR;34;RADIOLOGIA DEL APARATO ESQUELETICO;9.75;;;;60;1643.53;18,07
34.02.06;POR EXPOSICION SUBSIGUIENTE. l;34;RADIOLOGIA DEL APARATO ESQUELETICO;5.25;;;;60;1525.22;18,07
34.02.07;TELERRADIOGRAFIA DE CRANEO Y/O PERFIL FACIAL CON CEFALO;34;RADIOLOGIA DEL APARATO ESQUELETICO;5.25;;;;60;1525.22;18,07
34.02.08;POR EXPOSICION SUBSIGUIENTE. G;34;RADIOLOGIA DEL APARATO ESQUELETICO;2.25;;;;50;1215.15;18,07
34.02.09;RADIOGRAFIA DE RAQUIS (COLUMNA) PRIMERA EXPOSICION. B.;34;RADIOLOGIA DEL APARATO ESQUELETICO;6.75;;;;30;871.06;18,07
34.02.10;POR EXPOSICION SUBSIGUIENTE. B.;34;RADIOLOGIA DEL APARATO ESQUELETICO;2.25;;;;25;637.15;18,07
34.02.11;RADIOGRAFIA DE HOMBRO, HUMERO, PELVIS, CADERA Y FEMUR P;34;RADIOLOGIA DEL APARATO ESQUELETICO;6.75;;;;30;871.06;18,07
34.02.12;POR EXPOSICION SUBSIGUIENTE. A.;34;RADIOLOGIA DEL APARATO ESQUELETICO;2.25;;;;25;637.15;18,07
34.02.13;RADIOGRAFIA DE CODO, ANTEBRAZO, MUÑECA, MANO, DEDOS, RO;34;RADIOLOGIA DEL APARATO ESQUELETICO;6.75;;;;30;871.06;18,07
34.02.14;MEDICION COMPARATIVA DE MIEMBROS INFERIORES (ORTORRADIO;34;RADIOLOGIA DEL APARATO ESQUELETICO;7.5;;;;40;1121.98;18,07
34.02.15;RADIOGRAFIA AMPLIADA O MACRORRADIOGRAFIA. A;34;RADIOLOGIA DEL APARATO ESQUELETICO;5.25;;;;30;831.62;18,07
34.02.16;ARTROGRAFIA (SIN HONORARIO DE ESPECIALISTA) PRIMERA EXP;34;RADIOLOGIA DEL APARATO ESQUELETICO;5.25;;;;25;716.02;18,07
34.02.17;POR EXPOSICION SUBSIGUIENTE. A;34;RADIOLOGIA DEL APARATO ESQUELETICO;2.25;;;;20;521.55;18,07
34.02.18;UNA PLACA (APICAL). A;34;RADIOLOGIA DEL APARATO ESQUELETICO;2.25;;;;6;197.87;18,07
34.02.19;UNA PLACA (OCUSAL). A;34;RADIOLOGIA DEL APARATO ESQUELETICO;5.25;;;;15;484.82;18,07
34.02.20;SEMISERIADA HASTA 7 (SIETE) PLACAS. A;34;RADIOLOGIA DEL APARATO ESQUELETICO;7.5;;;;25;775.18;18,07
34.02.21;SERIADA DE 7 (SIETE) A 14 (CATORCE) PLACAS. A;34;RADIOLOGIA DEL APARATO ESQUELETICO;12;;;;45;1355.88;18,07
34.03.01;RADIOGRAFIA O TELERRADIOGRAFIA DE TORAX: CON O SIN TRAZ;34;RADIOLOGIA DEL APARATO RESPIRATORIO;6.75;;;;25;755.46;18,07
34.03.02;POR EXPOSICION SUBSIGUIENTE. A;34;RADIOLOGIA DEL APARATO RESPIRATORIO;2.25;;;;21;544.67;18,07
34.03.03;BRONCOGRAFIA (SIN ENDOSCOPIA, SIN ANESTESIA GENERAL) CA;34;RADIOLOGIA DEL APARATO RESPIRATORIO;12;;;;65;1818.28;18,07
34.03.04;NEUMOMEDIASTINO: FRENTE Y PERFIL (SIN HONORARIO DEL ESP;34;RADIOLOGIA DEL APARATO RESPIRATORIO;7.5;;;;45;1237.58;18,07
34.03.11;Branquiterapia, terapia intracavitaria;34;RADIOLOGIA DEL APARATO RESPIRATORIO;;1;;1;;51.72;01
34.04.01;SIALOGRAFIA, POR GLANDULA Y POR LADO: POR ESTUDIO CON U;34;RAD. DEL APAR. RESPIR. DIGESTIVO Y CAVIDAD ABDOMINAL.;7.5;;;;50;1353.18;18,07
34.04.02;ESOFAGO, ESTUDIO RADIOLOGICO SERIADO (COMO MINIMO 2 PLA;34;RAD. DEL APAR. RESPIR. DIGESTIVO Y CAVIDAD ABDOMINAL.;7.5;;;;50;1353.18;18,07
34.04.03;ESTOMAGO Y DUODENO, ESTUDIO SERIADO (MINIMO 10 EXPOSICI;34;RAD. DEL APAR. RESPIR. DIGESTIVO Y CAVIDAD ABDOMINAL.;15;;;;100;2706.35;18,07
34.04.04;ESTOMAGO Y DUODENO CON TECNICA DE DOBLE CONTRASTE (MINI;34;RAD. DEL APAR. RESPIR. DIGESTIVO Y CAVIDAD ABDOMINAL.;24.75;;;;120;3425.08;18,07
34.04.05;ESTUDIO SERIADO ESOFAGOGASTRODUODENAL (MINIMO DOCE EXPO;34;RAD. DEL APAR. RESPIR. DIGESTIVO Y CAVIDAD ABDOMINAL.;24.75;;;;130;3656.28;18,07
34.04.06;DUODENOGRAFIA HIPOTONICA (MINIMO 4 PLACAS) POR ESTUDIO;34;RAD. DEL APAR. RESPIR. DIGESTIVO Y CAVIDAD ABDOMINAL.;24.75;;;;60;2037.88;18,07
34.04.07;TRANSITO DE INTESTINO DELGADO O DE COLON (MINIMO 3 PLAC;34;RAD. DEL APAR. RESPIR. DIGESTIVO Y CAVIDAD ABDOMINAL.;7.5;;;;70;1815.58;18,07
34.04.08;ESTUDIO RADIOLOGICO SERIADO ILEOCECOAPENDICULAR (MINIMO;34;RAD. DEL APAR. RESPIR. DIGESTIVO Y CAVIDAD ABDOMINAL.;7.5;;;;25;775.18;18,07
34.04.09;COLON POR ENEMA Y EVACUADO (MINIMO 3 PLACAS) POR ESTUDI;34;RAD. DEL APAR. RESPIR. DIGESTIVO Y CAVIDAD ABDOMINAL.;5.25;;;;60;1525.22;18,07
34.04.10;COLON POR ENEMA Y EVACUADO (MINIMO 5 PLACAS) POR ESTUDI;34;RAD. DEL APAR. RESPIR. DIGESTIVO Y CAVIDAD ABDOMINAL.;24.75;;;;60;2037.88;18,07
34.04.11;COLON POR ENEMA, EVACUADO E INSUFLADO, TECNICA DE FISHE;34;RAD. DEL APAR. RESPIR. DIGESTIVO Y CAVIDAD ABDOMINAL.;24.75;;;;100;2962.68;18,07
34.04.12;COLON POR ENEMA, EVACUADO Y DOBLE CONTRASTE (MINIMO 8 P;34;RAD. DEL APAR. RESPIR. DIGESTIVO Y CAVIDAD ABDOMINAL.;36.75;;;;150;4434.16;18,07
34.04.13;COLECISTOGRAFIA ORAL, INCLUYE PRUEBA DE EVACUACION (MIN;34;RAD. DEL APAR. RESPIR. DIGESTIVO Y CAVIDAD ABDOMINAL.;9.75;;;;60;1643.53;18,07
34.04.14;COLECISTOGRAFIA ENDOVENOSA, INCLUYE PRUEBA DE EVACUACIO;34;RAD. DEL APAR. RESPIR. DIGESTIVO Y CAVIDAD ABDOMINAL.;12;;;;150;3783.48;18,07
34.04.15;COLANGIOGRAFIA ENDOVENOSA (MINIMO 5 PLACAS) POR ESTUDIO;34;RAD. DEL APAR. RESPIR. DIGESTIVO Y CAVIDAD ABDOMINAL.;12;;;;140;3552.28;18,07
34.04.16;COLANGIOGRAFIA OPERATORIA (PRIMERA PLACA). A *;34;RAD. DEL APAR. RESPIR. DIGESTIVO Y CAVIDAD ABDOMINAL.;9.75;;;;40;1181.13;18,07
34.04.17;COLANGIOGRAFIA OPERATORIA, POR CADA PLACA SUBSIGUIENTE.;34;RAD. DEL APAR. RESPIR. DIGESTIVO Y CAVIDAD ABDOMINAL.;2.25;;;;20;521.55;18,07
34.04.18;FISTULOCOLANGIOGRAFIA, COLANGIOGRAFIA POSTOPERATORIA, (;34;RAD. DEL APAR. RESPIR. DIGESTIVO Y CAVIDAD ABDOMINAL.;9.75;;;;60;1643.53;18,07
34.04.19;COLANGIOGRAFIA RETROGRADA POR FIBROSCOPIA (MINIMO 3 PLA;34;RAD. DEL APAR. RESPIR. DIGESTIVO Y CAVIDAD ABDOMINAL.;9.75;;;;60;1643.53;18,07
34.04.20;NEUMOPERITONEOGRAFIA, RETRONEUMOPERITONEOGRAFIA, UNI O;34;RAD. DEL APAR. RESPIR. DIGESTIVO Y CAVIDAD ABDOMINAL.;9.75;;;;60;1643.53;18,07
34.04.21;RADIOGRAFIA SIMPLE DE ABDOMEN, PRIMERA EXPOSICION. A *;34;RAD. DEL APAR. RESPIR. DIGESTIVO Y CAVIDAD ABDOMINAL.;5.25;;;;25;716.02;18,07
34.04.22;POR EXPOSICION SUBSIGUIENTE. A *;34;RAD. DEL APAR. RESPIR. DIGESTIVO Y CAVIDAD ABDOMINAL.;2.25;;;;20;521.55;18,07
34.05.01;RADIOGRAFIA SIMPLE DE ARBOL URINARIO. B;34;RADIOLOGIA DEL APARATO URINARIO;5.25;;;;25;716.02;18,07
34.05.02;UROGRAMA EXCRETOR PIELOGRAFIA DESCENDENTE, (MINIMO SIMP;34;RADIOLOGIA DEL APARATO URINARIO;9.75;;;;100;2568.33;18,07
34.05.03;UROGRAMA EXCRETOR CON ESTUDIO VESICAL, PRE Y POST MICCI;34;RADIOLOGIA DEL APARATO URINARIO;12;;;;120;3089.88;18,07
34.05.04;UROGRAMA MINUTADO O POR GOTEO, PIELOGRAFIA POR PERFUSIO;34;RADIOLOGIA DEL APARATO URINARIO;12;;;;150;3783.48;18,07
34.05.05;PIELOGRAFIA ASCENDENTE (SIN HONORARIOS DEL ESPECIALISTA;34;RADIOLOGIA DEL APARATO URINARIO;5.25;;;;25;716.02;18,07
34.05.06;POR EXPOSICION SUBSIGUIENTE. B;34;RADIOLOGIA DEL APARATO URINARIO;2.25;;;;20;521.55;18,07
34.05.07;CISTOURETROGRAFIA MICCIONAL. CISTOURETROGRAFIA ASCENDEN;34;RADIOLOGIA DEL APARATO URINARIO;5.25;;;;50;1294.02;18,07
34.05.08;CISTORETROGRAFIA POR ESTUDIO DE INCONTINENCIA PARA DETE;34;RADIOLOGIA DEL APARATO URINARIO;7.5;;;;70;1815.58;18,07
34.06.01;MAMOGRAFIA (SENOGRAFIA): UNICAMENTE CON MAMOGRAFO ORIGI;34;RADIOLOGIA DEL APARATO URINARIO;5.25;;;;60;1525.22;18,07
34.06.02;MAMOGRAFIA, PROYECCION AXILAR (UNICAMENTE CON MAMOGRAFO;34;RADIOLOGIA DEL APARATO URINARIO;5.25;;;;40;1062.82;18,07
34.06.03;GALACTOGRAFIA (CON O SIN MAMOGRAFO) POR LADO, DOS EXPOS;34;RADIOLOGIA DEL APARATO URINARIO;5.25;;;;40;1062.82;18,07
34.06.04;HISTEROSALPINGOGRAFIA CON PRUEBA DE COTTE (SIN HONORARI;34;RADIOLOGIA DEL APARATO URINARIO;7.5;;;;60;1584.38;18,07
34.06.05;PELVINEUMOGRAFIA, (SIN HONORARIOS DEL ESPECIALISTA) (MI;34;RADIOLOGIA DEL APARATO URINARIO;7.5;;;;60;1584.38;18,07
34.06.06;GINECOGRAFIA (SIN HONORARIOS DEL ESPECIALISTA) (MINIMO;34;RADIOLOGIA DEL APARATO URINARIO;15;;;;120;3168.75;18,07
34.06.07;PELVIMETRIA RADIOLOGICA (MINIMO 2 PLACAS) POR ESTUDIO.;34;RADIOLOGIA DEL APARATO URINARIO;5.25;;;;50;1294.02;18,07
34.06.08;RADIOGRAFIA DEL EMBARAZO (DIRECTA DE ABDOMEN). C;34;RADIOLOGIA DEL APARATO URINARIO;5.25;;;;25;716.02;18,07
34.06.60;Mamografia bilateral con tecnica de Ecklund;34;RADIOLOGIA DEL APARATO URINARIO;;1;;1;;51.72;01
34.07.01;SINUSOGRAFIA POR CATETERISMO (MINIMO 6 PLACAS) POR ESTU;34;NEURORRADIOLOGIA;9.75;;;;120;3030.73;18,07
34.07.02;VENTICULOGRAFIA POR INYECCION DE MEDIO CONTRASTANTE LIQ;34;NEURORRADIOLOGIA;9.75;;;;120;3030.73;18,07
34.07.03;ARTERIOGRAFIA CEREBRAL POR CATETERISMO (MINIMO 6 PLACAS;34;NEURORRADIOLOGIA;12;;;;120;3089.88;18,07
34.07.04;ARTERIOGRAFIA CAROTIDEA O VERTEBRAL (POR PUNCION DIRECT;34;NEURORRADIOLOGIA;12;;;;100;2627.48;18,07
34.07.05;NEUMOENCEFALOVENTRICULOGRAFIA FRACCIONADA, CISTERNOGRAF;34;NEURORRADIOLOGIA;12;;;;120;3089.88;18,07
34.07.06;MIELOGRAFIA ASCENDENTE O DESCENDENTE. CISTERNOMIELOGRAF;34;NEURORRADIOLOGIA;15;;;;80;2243.95;18,07
34.07.07;DISCOGRAFIA. NEUROGRAFIA. EPIDUROGRAFIA (MINIMO 2 PLACA;34;NEURORRADIOLOGIA;12;;;;40;1240.28;18,07
34.08.01;CONTROL RADIOSCOPICO PARA COLOCACION DE MARCAPASO TRANS;34;ANGIOCARDIORRADIOLOGIA;7.5;;;;50;1353.18;18,07
34.08.02;CONTROL RADIOSCOPICO PARA COLOCACION DE MARCAPASO DEFIN;34;ANGIOCARDIORRADIOLOGIA;7.5;;;;50;1353.18;18,07
34.08.03;CONTROL RADIOCOPICO PARA CATETERISMO DERECHO Y/O IZQUIE;34;ANGIOCARDIORRADIOLOGIA;7.5;;;;50;1353.18;18,07
34.08.04;CARDIOGRAFIA O ANGIOCARDIOGRAFIA (MINIMO 6 PLACAS O 15;34;ANGIOCARDIORRADIOLOGIA;24.75;;;;180;4812.28;18,07
34.08.05;CORONARIOGRAFIA, INCLUYE VENTRICULOGRAFIA (MINIMO 45 ME;34;ANGIOCARDIORRADIOLOGIA;36.75;;;;250;6746.16;18,07
34.08.06;INVESTIGACION DE FISTULAS VASCULARES PULMONARES, COMPRE;34;ANGIOCARDIORRADIOLOGIA;24.75;;;;180;4812.28;18,07
34.08.07;PANARTERIOGRAFIA DEL CAYADO AORTICO Y VASOS DEL CUELL0,;34;ANGIOCARDIORRADIOLOGIA;12;;;;140;3552.28;18,07
34.08.08;AORTOGRAFIA POR PUNCION LUMBAR, PRIMERA EXPOSICION. B;34;ANGIOCARDIORRADIOLOGIA;9.75;;;;40;1181.13;18,07
34.08.09;AORTOGRAFIA POR PUNCION LUMBAR, POR CADA EXPOSICION SUB;34;ANGIOCARDIORRADIOLOGIA;5.25;;;;30;831.62;18,07
34.08.10;ARTERIOGRAFIA DE ARTERIAS MEDULARES Y/O INTERCOSTALES -;34;ANGIOCARDIORRADIOLOGIA;36.75;;;;250;6746.16;18,07
34.08.11;ARTERIOGRAFIA SELECTIVA DE LAS RAMAS DE LA AORTA ABDOMI;34;ANGIOCARDIORRADIOLOGIA;24.75;;;;140;3887.48;18,07
34.08.12;ARTERIOGRAFIAS PERIFERICA DE LOS MIEMBROS POR PUNCION.;34;ANGIOCARDIORRADIOLOGIA;9.75;;;;35;1065.53;18,07
34.08.13;ARTERIOGRAFIAS PERIFERICA DE LOS MIEMBROS -POR PUNCION-;34;ANGIOCARDIORRADIOLOGIA;5.25;;;;25;716.02;18,07
34.08.14;CAVOGRAFIA -PRIMERA EXPOSICION-.;34;ANGIOCARDIORRADIOLOGIA;7.5;;;;35;1006.38;18,07
34.08.15;CAVOGRAFIA -POR CADA EXPOSICION SUBSIGUIENTE Y HASTA 4;34;ANGIOCARDIORRADIOLOGIA;5.25;;;;25;716.02;18,07
34.08.16;ESPLENOPORTOGRAFIA POR PUNCION ESPLENICA.;34;ANGIOCARDIORRADIOLOGIA;7.5;;;;35;1006.38;18,07
34.08.17;ESPLENOPORTOGRAFIA POR CADA EXPOSICION SUBSIGUIENTE Y H;34;ANGIOCARDIORRADIOLOGIA;5.25;;;;30;831.62;18,07
34.08.18;FLEBOGRAFIA SELECTIVA DE AFLUENTES ABDOMINALES O TORACI;34;ANGIOCARDIORRADIOLOGIA;7.5;;;;35;1006.38;18,07
34.08.19;FLEBOGRAFIA SELECTIVA DE AFLUENTES ABDOMINALES O TORACI;34;ANGIOCARDIORRADIOLOGIA;5.25;;;;25;716.02;18,07
34.08.20;FLEBOGRAFIA DE MIEMBRO SUPERIOR O INFERIOR. PRIMERA EXP;34;ANGIOCARDIORRADIOLOGIA;7.5;;;;35;1006.38;18,07
34.08.21;FLEBOGRAFIA DE MIEMBRO SUPERIOR O INFERIOR. POR CADA EX;34;ANGIOCARDIORRADIOLOGIA;5.25;;;;25;716.02;18,07
34.08.22;LINFOGRAFIA POR EXPOSICION. B;34;ANGIOCARDIORRADIOLOGIA;5.25;;;;25;716.02;18,07
34.09.01;TOMOGRAFIA LINEAL, CUALQUIERA SEA LA ZONA O SISTEMA (MI;34;PROCEDIMIENTOS RADIOLOGICOS ESPECIALES -TOMOGRAFIA, CIN;15;;;;150;3862.35;18,07
34.09.02;TOMOGRAFIA HIPOCICLOIDAL, POLITOMOGRAFIA, POR ESTUDIO.;34;PROCEDIMIENTOS RADIOLOGICOS ESPECIALES -TOMOGRAFIA, CIN;15;;;;150;3862.35;18,07
34.09.03;FISTULOGRAFIA, ESTUDIO COMPLETO (MINIMO 2 PLACAS) POR E;34;PROCEDIMIENTOS RADIOLOGICOS ESPECIALES -TOMOGRAFIA, CIN;5.25;;;;50;1294.02;18,07
34.09.04;DACRIOCISTOGRAFIA (MINIMO 3 PLACAS) POR ESTUDIO, SIN HO;34;PROCEDIMIENTOS RADIOLOGICOS ESPECIALES -TOMOGRAFIA, CIN;7.5;;;;60;1584.38;18,07
34.09.05;RADIOGRAFIA EN QUIROFANO O HABITACION: CUALQUIERA FUERA;34;PROCEDIMIENTOS RADIOLOGICOS ESPECIALES -TOMOGRAFIA, CIN;9.75;;;;50;1412.33;18,07
34.09.06;RADIOGRAFIA EN QUIROFANO O HABITACION, EXPOSICIONES SUB;34;PROCEDIMIENTOS RADIOLOGICOS ESPECIALES -TOMOGRAFIA, CIN;5.25;;;;30;831.62;18,07
34.09.07;RADIOSCOPIA EN QUIROFANO CON AMPLIFICADORES DE IMAGENES;34;PROCEDIMIENTOS RADIOLOGICOS ESPECIALES -TOMOGRAFIA, CIN;7.5;;;;60;1584.38;18,07
34.09.08;RADIOGRAFIA A DOMICILIO, EN RADIO URBANO, CUALQUIERA FU;34;PROCEDIMIENTOS RADIOLOGICOS ESPECIALES -TOMOGRAFIA, CIN;7.5;;;;80;2046.78;18,07
34.09.09;RADIOGRAFIA A DOMICILIO, EN RADIO URBANO, EXPOSICION SU;34;PROCEDIMIENTOS RADIOLOGICOS ESPECIALES -TOMOGRAFIA, CIN;5.25;;;;30;831.62;18,07
34.10.02;T.A.C. CEREBRAL REFORZADA. l;34;TOMOGRAFIA AXIAL COMPUTADA;60.75;;;;750;18937.1;12,15
34.10.03;T.A.C. CEREBRAL DE CONTROL. l;34;TOMOGRAFIA AXIAL COMPUTADA;24.75;;;;300;7586.68;12,15
34.10.04;T.A.C. OFTALMOLOGICA. l;34;TOMOGRAFIA AXIAL COMPUTADA;24.75;;;;300;7586.68;12,15
34.10.05;T.A.C. TIROIDEA. l;34;TOMOGRAFIA AXIAL COMPUTADA;24.75;;;;300;7586.68;12,15
34.10.06;T.A.C. MAMARIA. l;34;TOMOGRAFIA AXIAL COMPUTADA;36.75;;;;500;12526.2;12,15
34.10.07;T.A.C. GINECOLOGICA. l;34;TOMOGRAFIA AXIAL COMPUTADA;48.75;;;;600;15153.6;12,15,20
34.10.09;T.A.C. HEPATOBILIAR, ESPLENICA, PANCREATICA, SUPRARRENA;34;TOMOGRAFIA AXIAL COMPUTADA;60.75;;;;750;18937.1;12,15
34.10.10;T.A.C. TORACICA.;34;TOMOGRAFIA AXIAL COMPUTADA;350;;;;;2870;30,15,30
34.10.11;T.A.C. VEJIGA Y PROSTATA.;34;TOMOGRAFIA AXIAL COMPUTADA;48.75;;;;600;15153.6;12,15
34.10.12;T.A.C. DE OTROS ORGANOS O REGIONES.;34;TOMOGRAFIA AXIAL COMPUTADA;300;;;;;2460;30
34.10.13;T.A.C. DE COLUMNA.;34;TOMOGRAFIA AXIAL COMPUTADA;52.5;;;;700;17564.2;12,15
34.10.60;TAC con presupuesto autorizado;34;TOMOGRAFIA AXIAL COMPUTADA;480;;;;;3936;30
34.11.01;Marcacikon mamaria prequirurgica;34;TOMOGRAFIA AXIAL COMPUTADA;;1;;1;;51.72;01
34.12.01;Densitimetria osea;34;TOMOGRAFIA AXIAL COMPUTADA;90;;;;;887.4;11
34.12.02;Densitometria osea - Cuerpo entero-;34;TOMOGRAFIA AXIAL COMPUTADA;;1;;1;;51.72;01
34.20.01;Resonancia magnetica nuclear cerebral;34;TOMOGRAFIA AXIAL COMPUTADA;4000;;;;;7680;34
34.20.02;Resonancia magnetica nuclear cerebral con gadolinio;34;TOMOGRAFIA AXIAL COMPUTADA;;;;;;;
34.20.05;Resonancia magnetica nuclear tiroidea;34;TOMOGRAFIA AXIAL COMPUTADA;4000;;;;;7680;34
34.20.08;Resonancia magnetica nuclear completa de abdomen;34;TOMOGRAFIA AXIAL COMPUTADA;4000;;;;;7680;34
34.20.09;Resonancia magnetica nuclear hepatobiliar pancreatica.;34;TOMOGRAFIA AXIAL COMPUTADA;4000;;;1;;7680;34
34.20.10;Resonancia magnetica nuclear toracica;34;TOMOGRAFIA AXIAL COMPUTADA;4000;;;;;7680;34
34.20.11;Resonancia magnetica nuclear vejiga y prostata;34;TOMOGRAFIA AXIAL COMPUTADA;4000;;;1;;7680;34
34.20.12;Resonancia magnetica nuclear de otras regiones escefa-;34;TOMOGRAFIA AXIAL COMPUTADA;4000;;;;;7680;34
34.20.13;Resonancia magnetica nuclear de columna;34;TOMOGRAFIA AXIAL COMPUTADA;4000;;;1;;7680;34
34.20.14;Resonancia magnetica nuclear de articulaciones;34;TOMOGRAFIA AXIAL COMPUTADA;4000;;;;;7680;34
34.60.01;CISTOURETROGRAFIA MICCIONAL C/FITV;34;TOMOGRAFIA AXIAL COMPUTADA;250;;;;;2465;11
35.01.01;ROENTGENOTERAPIA SUPERFICIAL O PROFUNDA. CADA APLICACIO;35;RADIOTERAPIA;3;;;;20;560.11;04,07
35.01.02;TELECOBALTOTERAPIA, TELECESIOTERAPIA, RADIOTERAPIA DINA;35;RADIOTERAPIA;3;;;;30;791.31;04,07
35.02.01;HASTA 1000 MG/HORA.;35;RADIUMTERAPIA;45;;;;;1465.65;04
35.02.02;CADA 1000 MG/HORA EXCEDENTES.;35;RADIUMTERAPIA;7.5;;;;;244.28;04
35.02.03;ALQUILER DEL RADIUM -POR TRATAMIENTO-.;35;RADIUMTERAPIA;;;;;250;5780;04,07
35.03.01;Tratamiento con aceleracion lineal;35;RADIUMTERAPIA;;1;;1;;51.72;01
35.03.10;Branquiterapia, terapia de contacto;35;RADIUMTERAPIA;;1;;1;;51.72;01
35.03.11;Branquiterapia terapia intracavitaria;35;RADIUMTERAPIA;;1;;1;;51.72;01
35.03.12;Branquiterapia, terapia intersticial.;35;RADIUMTERAPIA;;1;;1;;51.72;01
35.03.13;Branquiterapia, terapia intraluminal;35;RADIUMTERAPIA;;1;;1;;51.72;01
35.03.14;Betaterapia precavitaria encefalica;35;RADIUMTERAPIA;;1;;1;;51.72;01
35.03.15;Betaterapia intracavitaria encefalica;35;RADIUMTERAPIA;;0.1;;1;;5.17;01
36.01.01;URETROCISTOSCOPIA CON INSTRUMENTAL RIGIDO.;36;RADIUMTERAPIA;15;;;;40;956.15;04,03,02
36.01.02;URETROCISTOFIBROSCOPIA.;36;RADIUMTERAPIA;22.5;;;;342;4730.81;04,03
36.01.03;SONDAJE VESICAL -EVACUADOR, PARA INSTILACION TERAPEUTIC;36;RADIUMTERAPIA;;;;;;;
36.01.04;Peneoscopía;36;RADIUMTERAPIA;;1;;1;;51.72;01
36.01.04;SONDAJE VESICAL -PARA CISTOGRAFIA DE REPLESION, URETROC;36;RADIUMTERAPIA;;;;;;;
36.01.05;CISTOTONOMANOMETRIA.;36;RADIUMTERAPIA;15;;;;35;897.7;04,03
36.01.06;DILATACION URETRAL.;36;RADIUMTERAPIA;;;;;;;
36.01.07;URETROSCOPIA.;36;RADIUMTERAPIA;7.5;;;;30;594.98;04,03
36.01.08;uretrocistoureterofibroscopía con videoscopía;36;RADIUMTERAPIA;565;;;;;4633;30
36.01.10;Video uretrocistofibroscopía;36;RADIUMTERAPIA;;1;;1;;51.72;01
36.01.11;estudio urodinamico completo;36;RADIUMTERAPIA;591;;;;;4846.2;30
36.01.12;Penescopía;36;RADIUMTERAPIA;243.51;;;;;1996.78;30
36.01.61;uroflujometria / flujometria: incluye mat.descartable;36;RADIUMTERAPIA;200;;;;;1640;30
36.02.02;Uroflujometría;36;RADIUMTERAPIA;;1;;1;;51.72;01
36.02.08;Estudio Urodinámico Completo;36;RADIUMTERAPIA;;1;;1;;51.72;01
36.02.09;Estudio Urodinamico + EMG;36;RADIUMTERAPIA;;1;;1;;51.72;01
37.01.01;INSUFICIENCIA RESPIRATORIA AGUDA GRAVE SINDROME LARINGE;37;SINDROMES CLINICOS AGUDOS;20;;;;;651.4;04
37.01.02;INSUFICIENCIA CIRCULATORIA AGUDA GRAVE -EDEMA AGUDA DE;37;SINDROMES CLINICOS AGUDOS;20;;;;;651.4;04
37.01.03;INSUFICIENCIA SUPRARRENAL AGUDA.;37;SINDROMES CLINICOS AGUDOS;20;;;;;651.4;04
37.01.04;SINDROME PSIQUIATRICO AGUDO GRAVE -DELIRIUM TREMENS, ES;37;SINDROMES CLINICOS AGUDOS;20;;;;;651.4;04
37.01.05;ENVENENAMIENTOS AGUDOS GRAVES.;37;SINDROMES CLINICOS AGUDOS;20;;;;;651.4;04
37.01.06;PANCREATITIS AGUDA. HEMORRAGIA DIGESTIVA.;37;SINDROMES CLINICOS AGUDOS;20;;;;;651.4;04
38.01.01;PUVA-UVB 80 x sesion -A partir de 02/02/08;38;SINDROMES CLINICOS AGUDOS;80;;;;;788.8;11
38.02.01;Camara hiperbarica;38;SINDROMES CLINICOS AGUDOS;;1;;1;;51.72;01
40.01.01;ARANCEL GLOBAL POR CADA 24 HORAS DE ATENCION.;40;SINDROMES CLINICOS AGUDOS;39.75;;;;196;1294.66;04,08
40.01.02;CONTROL DE PRESION, POR CATETERISMO CARDIACO, EN ARTERI;40;SINDROMES CLINICOS AGUDOS;8;;;;88;1289.28;04,03
40.01.03;POR DETERMINACION SUBSIGUIENTE Y HASTA UN MAXIMO DE SEI;40;SINDROMES CLINICOS AGUDOS;5;;;;22;420.03;04,03
40.01.04;DETERMINACION DE CONSUMO DE OXIGENO POR METODOS DIRECTO;40;SINDROMES CLINICOS AGUDOS;8;;;;44;774.92;04,03
41.01.01;ARANCEL GLOBAL POR CADA 24 HORAS DE ATENCION.;41;SINDROMES CLINICOS AGUDOS;8.5;;;;90;276.85;04,08
42.01.29;Consulta Médica Neurologica;42;CONSULTA;;1;;1;;51.72;01
42.01.32;consulta pediatrica vigencia 11/15;42;CONSULTA;248.46;;;;;780.16;32
42.02.01;VISITA MEDICA;42;VISITA;12;;;;;773.04;10
42.02.02;ARANCEL POR CADA 10 KM. RECORRIDOS FUERA DEL RADIO URBA;42;VISITA;3;;;;;193.26;10
42.02.03;VISITA MEDICA EN HORARIO NOCTURNO Y/O DIAS FERIADOS.;42;VISITA;13;;;;;837.46;10
42.03.01;ATENCION MEDICA EN INTERNACION CLINICA, POR DIA DE INTE;42;HONORARIOS MEDICOS EN INTERNACION;10;;;;;644.2;10
42.03.03;INTERCONSULTA ESPECIALIZADA EN INTERNACION.;42;HONORARIOS MEDICOS EN INTERNACION;12;;;;;773.04;10
43.01.01;UNA CAMA EN HABITACION DE DOS CON BAÑO PRIVADO.;43;GASTO INTERNACION;;;;;57;;08
43.01.02;UNA CAMA EN HABITACION DE DOS CON BAÑO INTERMEDIO.;43;GASTO INTERNACION;;;;;43;;08
43.01.03;UNA CAMA EN HABITACION DE TRES CON BAÑO INCLUIDO.;43;GASTO INTERNACION;;;;;38;;08
43.01.04;UNA CAMA EN HABITACION DE MAS DE TRES CON BAÑO INCLUIDO;43;GASTO INTERNACION;;;;;34;;08
43.01.05;ATENCION DEL RECIEN NACIDO EN LA HABITACION DE LA MADRE;43;GASTO INTERNACION;;;;;23;;08
43.01.06;UNA CAMA PARA ACOMPOÑANTE EN HABITACION DE DOS CAMAS CO;43;GASTO INTERNACION;;;;;68;;08
43.01.07;UNA CAMA PARA ACOMPAÑANTE EN HABITACION DE DOS CAMAS CO;43;GASTO INTERNACION;;;;;47;;08
43.01.08;UNA CAMA PARA ACOMPAÑANTE EN HABITACION DE TRES CAMAS C;43;GASTO INTERNACION;;;;;41;;08
43.01.09;observacion en guardia o piso hasta 8 hs.;43;GASTO INTERNACION;;1;;1;;51.72;01
43.02.01;CURACIONES;43;GASTOS CURACIONES;;;;;8.5;99.37;03
43.02.02;CURACIONES QUEMADOS;43;GASTOS CURACIONES;;;;;25;292.25;03
43.03.01;EN CONSULTORIO EXTERNO, CADA APLICACION.;43;INYECCIONES;;;;;2;23.38;03
43.04.01;NEBULIZACION CON NEBULIZADOR -INCLUIDO OXIGENO-;43;NEBULIZACIONES-UNICAMENTE EN AMBULATORIO-;;;;;5;58.45;03
43.04.02;NEBULIZACION CON RESPIRADOR O NEBULIZADOR ULTRASONICO -;43;NEBULIZACIONES-UNICAMENTE EN AMBULATORIO-;;;;;7;57.4;30
43.05.01;INCUBADORA TIPO ISOLETTE O SIMILAR, POR DIA.;43;INCUBADORAS;;;;;26;;08
43.06.01;POR DIA.;43;LUMINOTERAPIA;;;;;19;222.11;03
43.09.01;POR DIA;43;RECARGO EN INTERNACIONES ESPECIALES;;;;;20;;08
43.10.01;USO DE MATERIAL DESCARTABLE -JERINGAS, AGUJAS, GUANTES;43;PREVENCION DE ENFERMEDADES TRANSMISIBLES -HEPATITIS B,;;;;;5;58.45;03
43.10.02;USO DE MATERIAL DESCARTABLE -JERINGAS, AGUJAS, GUANTES;43;PREVENCION DE ENFERMEDADES TRANSMISIBLES -HEPATITIS B,;;;;;12;140.28;03
43.11.01;INTERVENCION QUIRURGICA CON ANESTESIA GENERAL. POR;43;CONSUMO ADICIONAL DE OXIGENO;;;;;8;;08
43.11.02;INTERVENCION QUIRURGICA CON CIRCULACION EXTRACORPOREA.;43;CONSUMO ADICIONAL DE OXIGENO;;;;;42;;08
43.11.03;ASISTENCIA RESPIRATORIA EN TERAPIA INTENSIVA. POR;43;CONSUMO ADICIONAL DE OXIGENO;;;;;64;;08
43.11.04;ASISTENCIA RESPIRATORIA EN CUIDADOS ESPECIALES. POR;43;CONSUMO ADICIONAL DE OXIGENO;;;;;32;;08
43.11.05;ASISTENCIA RESPIRATORIA EN TERAPIA INTENSIVA NEONATOLOG;43;CONSUMO ADICIONAL DE OXIGENO;;;;;128;;08
43.11.06;Monitorieo de presion endocraneana;43;CONSUMO ADICIONAL DE OXIGENO;;1;;1;;51.72;01
43.11.07;Oximetria por metodos no invasivos;43;CONSUMO ADICIONAL DE OXIGENO;;1;;1;;51.72;01
44.01.01;POR HORA SU UTILIZACION.;44;CONSUMO ADICIONAL DE OXIGENO;6;;;;88;1224.14;04,03
46.00.01;Consulta oftal. vestida, incluye refractometría C / Aut;46;CONSUMO ADICIONAL DE OXIGENO;288.5;;;;;1503.09;38,33
46.00.02;Consulta de seguimiento de patologías dentro del mes;46;CONSUMO ADICIONAL DE OXIGENO;144.23;;;;;751.44;38
46.00.03;Consulta oft. de urgencia fuera de horario de cons.;46;CONSUMO ADICIONAL DE OXIGENO;542.19;;;;;2824.81;38
46.00.04;Consulta oft. a domicilio, más de 3 se adj H.C.;46;CONSUMO ADICIONAL DE OXIGENO;542.19;;;;;2824.81;38
46.01.01;Exámen oftalmilogico bajo anestesia gral;46;CONSUMO ADICIONAL DE OXIGENO;1279.02;;;;;6663.69;38
46.01.02;Inyección subconjuntival- subtenoniana (hasta 3 meses);46;CONSUMO ADICIONAL DE OXIGENO;1150.43;;;;;5993.74;38
46.01.03;Exploración de vias lagrimales;46;CONSUMO ADICIONAL DE OXIGENO;255.46;;;;;1330.95;38
46.01.04;Campimetría computarizada (cada 6 meses);46;CONSUMO ADICIONAL DE OXIGENO;768.11;;;;;4001.85;38
46.01.05;RFG bilateral (sin descartable);46;CONSUMO ADICIONAL DE OXIGENO;1534.48;;;;;7994.64;38
46.01.08;RG bilateral;46;CONSUMO ADICIONAL DE OXIGENO;768.11;;;;;4001.85;38
46.01.09;Ecografía A o B;46;CONSUMO ADICIONAL DE OXIGENO;639.51;;;;;3331.85;38
46.01.10;Ecobiometría unilateral;46;CONSUMO ADICIONAL DE OXIGENO;225.46;;;;;1174.65;38
46.01.12;Paquimetría bilateral;46;CONSUMO ADICIONAL DE OXIGENO;415.33;;;;;2163.87;38
46.01.13;Topografía corneal computada bilateral;46;CONSUMO ADICIONAL DE OXIGENO;768.11;;;;;4001.85;38
46.01.14;Visión Cromática;46;CONSUMO ADICIONAL DE OXIGENO;205.06;;;;;1068.36;38
46.01.15;Test de ojo seco;46;CONSUMO ADICIONAL DE OXIGENO;159.87;;;;;832.92;38
46.01.16;Test de sensibilidad de contraste;46;CONSUMO ADICIONAL DE OXIGENO;255.46;;;;;1330.95;38
46.01.17;Ejercicios ortópicos ( 10 sesiones);46;CONSUMO ADICIONAL DE OXIGENO;639.51;;;;;3331.85;38
46.01.18;Exámen sensorio motor en estrabismo;46;CONSUMO ADICIONAL DE OXIGENO;159.87;;;;;832.92;38
46.01.19;Tomografia optica de coherencia ( por ojo);46;CONSUMO ADICIONAL DE OXIGENO;1918.52;;;;;9995.49;38
46.01.20;Recuento endotelial de cornea;46;CONSUMO ADICIONAL DE OXIGENO;959.26;;;;;4997.74;38
46.01.22;Examen de prematuros hasta 60 días de vida por consulta;46;CONSUMO ADICIONAL DE OXIGENO;1150.43;;;;;5993.74;38
46.01.23;Test de mirada preferencial;46;CONSUMO ADICIONAL DE OXIGENO;319.75;;;;;1665.9;38
46.01.24;Test de Lottmar o Retinometría de Heine (unilateral);46;CONSUMO ADICIONAL DE OXIGENO;255.46;;;;;1330.95;38
46.01.25;Inyeccion intravitrea en quirófano;46;CONSUMO ADICIONAL DE OXIGENO;3197.54;;;;;16659.2;38
46.01.26;RG Digital;46;CONSUMO ADICIONAL DE OXIGENO;1279.02;;;;;6663.69;38
46.01.27;RFG Digital;46;CONSUMO ADICIONAL DE OXIGENO;2558.03;;;;;13327.3;38
46.01.28;Curva diaria de presión ocular;46;CONSUMO ADICIONAL DE OXIGENO;510.92;;;;;2661.89;38
46.01.29;Curva diaria de presión ocular según Sampaolesi;46;CONSUMO ADICIONAL DE OXIGENO;1663.08;;;;;8664.65;38
46.02.01;Lesiones maculares(edema macular diabético);46;CONSUMO ADICIONAL DE OXIGENO;4476.56;;;;;23322.9;38
46.02.02;Lesion vascular con isquemia en 1 cuadrante T/completo;46;CONSUMO ADICIONAL DE OXIGENO;4475.88;;;;;23319.3;38
46.02.03;Desgarros y agujeros de retina.;46;CONSUMO ADICIONAL DE OXIGENO;4476.56;;;;;23322.9;38
46.02.04;YAG Laser (capsulotomia posterior2 s/incluidas-Trat.com;46;CONSUMO ADICIONAL DE OXIGENO;4476.56;;;;;23322.9;38
46.02.05;Trabeculoplastía,iridotomía,iridoplastia-laser de argon;46;CONSUMO ADICIONAL DE OXIGENO;4476.56;;;;;23322.9;38
46.02.06;Laser mediante oftalmoscopia binocular indirecta;46;CONSUMO ADICIONAL DE OXIGENO;4476.56;;;;;23322.9;38
46.02.07;Retinopatia del prematuro;46;CONSUMO ADICIONAL DE OXIGENO;22381.1;;;;;116605;38
46.02.08;Lesion vascular con isquemia en 2 o + cuadrantes p/ses;46;CONSUMO ADICIONAL DE OXIGENO;6395.08;;;;;33318.4;38
46.02.09;Obstruccion vascular (con isquemia más de 3 cuadrante;46;CONSUMO ADICIONAL DE OXIGENO;6395.08;;;;;33318.4;38,38
46.02.10;Retinoplastía diabética severa(panfotocoagulación)2y1/2;46;CONSUMO ADICIONAL DE OXIGENO;9592.63;;;;;49977.6;38
46.02.11;Trombosis de vena central tipo isquemia 2 y 1/2;46;CONSUMO ADICIONAL DE OXIGENO;9592.63;;;;;49977.6;38
46.02.12;Cirugía Refractiva con Eximer Laser (por ojo);46;CONSUMO ADICIONAL DE OXIGENO;10871.6;;;;;56641.3;38
46.03.01;Escisión de lesión palpebral chalazion,biopsia;46;CONSUMO ADICIONAL DE OXIGENO;1918.52;;;;;9995.49;38
46.03.02;Entropion, Ectropion, Blefaroplastia;46;CONSUMO ADICIONAL DE OXIGENO;6395.08;;;;;33318.4;38
46.03.03;Ptosis palpebral(Fasanella o suspensoria)s/ descartable;46;CONSUMO ADICIONAL DE OXIGENO;7674.11;;;;;39982.1;38
46.03.04;Ptosis palpebral co reseccion del elevador;46;CONSUMO ADICIONAL DE OXIGENO;6395.08;;;;;33318.4;38
46.03.05;Reconstrucción de párpados simple;46;CONSUMO ADICIONAL DE OXIGENO;5755.57;;;;;29986.5;38
46.03.06;Botox sin medicación;46;CONSUMO ADICIONAL DE OXIGENO;3197.54;;;;;16659.2;38
46.04.01;Escisión lesión conjuntival (epitelioma,quiste,nevus);46;CONSUMO ADICIONAL DE OXIGENO;3837.05;;;;;19991;38
46.04.02;Conjuntivoplastia (flapping ,recubrimiento);46;CONSUMO ADICIONAL DE OXIGENO;3837.05;;;;;19991;38
46.04.03;Peritomía , peritoctomía;46;CONSUMO ADICIONAL DE OXIGENO;2558.03;;;;;13327.3;38
46.04.04;Sutura conjuntiva - Biopsia de conjuntiva;46;CONSUMO ADICIONAL DE OXIGENO;3837.05;;;;;19991;38
46.05.01;Estrabismo(cualquier técnica o cantidad de mús.a tratar;46;CONSUMO ADICIONAL DE OXIGENO;13429.7;;;;;69968.6;38
46.06.01;Iridectomía, iridotomía, coreoplastia;46;CONSUMO ADICIONAL DE OXIGENO;5755.57;;;;;29986.5;38
46.06.02;Iridociclectomía o iridociclotomía por tumores;46;CONSUMO ADICIONAL DE OXIGENO;12790.2;;;;;66636.8;38
46.06.03;Trabeculectomía - Trabeculotomía - Viscocanalostomía;46;CONSUMO ADICIONAL DE OXIGENO;8953.13;;;;;46645.8;38
46.07.01;Extracción intracapsular;46;CONSUMO ADICIONAL DE OXIGENO;6395.08;;;;;33318.4;38
46.07.02;Catarata + implante LIO (manual);46;CONSUMO ADICIONAL DE OXIGENO;8953.13;;;;;46645.8;38
46.07.03;Facoemulsificación + implante LIO;46;CONSUMO ADICIONAL DE OXIGENO;15348.2;;;;;79964.2;38
46.07.04;Catarata congénita (incluye vitrectomía) con LIO;46;CONSUMO ADICIONAL DE OXIGENO;15987.7;;;;;83296.1;38
46.07.05;Idem anterior sin LIO;46;CONSUMO ADICIONAL DE OXIGENO;13429.7;;;;;69968.6;38
46.07.06;Implante secundario en cámara ante.(incluye vitrectomía;46;CONSUMO ADICIONAL DE OXIGENO;15987.7;;;;;83296.1;38
46.07.07;Implante secundario en cámara post.en afaquia extracaps;46;CONSUMO ADICIONAL DE OXIGENO;16627.2;;;;;86627.8;38
46.07.08;Idem anterior con sutura LIO a esclera vitrectomía;46;CONSUMO ADICIONAL DE OXIGENO;14708.7;;;;;76632.3;38
46.07.09;Catarata y glaucoma combina.(extracapsular+trabeculecto;46;CONSUMO ADICIONAL DE OXIGENO;10871.6;;;;;56641.3;38
46.07.10;Idem anterior con FACO;46;CONSUMO ADICIONAL DE OXIGENO;19183.5;;;;;99946.1;38
46.07.11;Extracción de LIO de cámara anterior o posterior;46;CONSUMO ADICIONAL DE OXIGENO;6395.08;;;;;33318.4;38
46.07.12;Implante faquico de cámara ante.o posterior,sin lente;46;CONSUMO ADICIONAL DE OXIGENO;15987.7;;;;;83296.1;38
46.08.01;Retinopexia neumática(más crio,diatermia o fotocoagulac;46;CONSUMO ADICIONAL DE OXIGENO;14708.7;;;;;76632.3;38
46.08.02;Retinopexia con esclerectomía e implante;46;CONSUMO ADICIONAL DE OXIGENO;19183.5;;;;;99946.1;38
46.09.01;Queratocentesis-Cauterización-Toma de material;46;CONSUMO ADICIONAL DE OXIGENO;639.51;;;;;3331.85;38
46.10.01;Vitrectomia compleja con peeling de membrana,retinotomí;46;CONSUMO ADICIONAL DE OXIGENO;31973.7;;;;;166583;38
46.10.02;Extracción de aceite post-vitrectomía compleja;46;CONSUMO ADICIONAL DE OXIGENO;12150.7;;;;;63305;38
46.11.01;Inyección retrobulbar en quirófano;46;CONSUMO ADICIONAL DE OXIGENO;2238.28;;;;;11661.4;38
46.11.02;Enucleación-Evisceración (no incluye prótesis);46;CONSUMO ADICIONAL DE OXIGENO;10232.1;;;;;53309.4;38
46.11.03;Extirpación tumor orbitario (con o sin resección ósea);46;CONSUMO ADICIONAL DE OXIGENO;14069.2;;;;;73300.5;38
46.11.04;Excenteración orbitaria;46;CONSUMO ADICIONAL DE OXIGENO;15987.7;;;;;83296.1;38
46.11.05;Biopsia de órbita extraconal;46;CONSUMO ADICIONAL DE OXIGENO;7674.11;;;;;39982.1;38
46.12.01;Sondaje lagrimal bajo anestesia gral(no incluye anestes;46;CONSUMO ADICIONAL DE OXIGENO;3197.54;;;;;16659.2;38
46.12.02;Oclusión,cauterización,taponamiento punto lagrimal;46;CONSUMO ADICIONAL DE OXIGENO;3837.05;;;;;19991;38
46.12.03;Drenaje de abceso de saco o glándula;46;CONSUMO ADICIONAL DE OXIGENO;3197.54;;;;;16659.2;38
46.12.04;Reconstrucción post-traumatica de vía lagrimal;46;CONSUMO ADICIONAL DE OXIGENO;12150.7;;;;;63305;38
46.12.05;Dacriocistorinostomía;46;CONSUMO ADICIONAL DE OXIGENO;12790.2;;;;;66636.8;38
46.12.06;Dacriocistorinostomía con laser;46;CONSUMO ADICIONAL DE OXIGENO;19183.5;;;;;99946.1;38
46.12.07;Dacriocistorinostomía c/tubo de Jones (no incluye tubo);46;CONSUMO ADICIONAL DE OXIGENO;12790.2;;;;;66636.8;38
46.12.08;Reubicación de tubo de Jones -despues de los 30 días;46;CONSUMO ADICIONAL DE OXIGENO;3837.05;;;;;19991;38
46.12.09;Sondaje lagrimal en adulto (sin anestesia);46;CONSUMO ADICIONAL DE OXIGENO;1598.77;;;;;8329.59;38
46.13.01;Extracción cuerpo extraño subconjuntival;46;CONSUMO ADICIONAL DE OXIGENO;1279.02;;;;;6663.69;38
46.13.02;Extracción de cuerpo extraño intracorneal;46;CONSUMO ADICIONAL DE OXIGENO;1279.02;;;;;6663.69;38
46.13.03;Sutura herida de córnea con o sin prolapso de iris;46;CONSUMO ADICIONAL DE OXIGENO;7034.6;;;;;36650.3;38
46.13.04;Herida perforante con cpo.extraño en cámara anterior;46;CONSUMO ADICIONAL DE OXIGENO;11511.2;;;;;59973.1;38
46.13.05;Lavado de cámara anterior (como única operación);46;CONSUMO ADICIONAL DE OXIGENO;5116.08;;;;;26654.8;38
46.13.06;Herida perforante c/lesión de córnea,esclera,iris y cri;46;CONSUMO ADICIONAL DE OXIGENO;18544;;;;;96614.3;38
46.13.07;Herida porforante con cuerpo extraño intraocular;46;CONSUMO ADICIONAL DE OXIGENO;31973.7;;;;;166583;38
46.13.08;Sutura herida palpebral sin compromiso via lagrimal;46;CONSUMO ADICIONAL DE OXIGENO;3837.05;;;;;19991;38
46.13.09;Idem ant.con compromiso via lagrimal;46;CONSUMO ADICIONAL DE OXIGENO;10232.1;;;;;53309.4;38
46.13.10;Extracción cuerpo extraño intraocular-incluye vitrectom;46;CONSUMO ADICIONAL DE OXIGENO;31973.7;;;;;166583;38
46.13.11;Herida escleral de más de 4mm por detrás del limbo;46;CONSUMO ADICIONAL DE OXIGENO;19183.5;;;;;99946.1;38
46.13.12;Fractura piso orbitario (no incluye prótesis;46;CONSUMO ADICIONAL DE OXIGENO;15987.7;;;;;83296.1;38
60.00.00;Uso del equipo de Video;60;CONSUMO ADICIONAL DE OXIGENO;900;;;;;7380;30
60.01.00;Estudio rx. de deglución.;60;CONSUMO ADICIONAL DE OXIGENO;100;;;;;986;11
60.01.01;Microcirugía videoendoscópica naso-sinusal;60;CONSUMO ADICIONAL DE OXIGENO;800;;;;;7888;11
60.01.17;Modulo parto normal;60;CONSUMO ADICIONAL DE OXIGENO;590;;;;;5817.4;11
60.01.18;Modulo LIO (incluye lente);60;CONSUMO ADICIONAL DE OXIGENO;1200;;;;;11832;11
60.01.22;Modulo operación cesarea;60;CONSUMO ADICIONAL DE OXIGENO;1080;;;;;10648.8;11
60.01.24;Rectosigmoidofibroscopía;60;CONSUMO ADICIONAL DE OXIGENO;30;;;;;295.8;11
60.01.29;Campimetría comp.;60;CONSUMO ADICIONAL DE OXIGENO;60;;;;;591.6;11
60.01.31;T.A.C. - Sin contraste;60;CONSUMO ADICIONAL DE OXIGENO;250;;;;;2465;11
60.01.33;Cirugia videolaparoscopica (ginecológica/ vesícula);60;CONSUMO ADICIONAL DE OXIGENO;1050;;;;;10353;11
60.01.34;T.A.C. - Con contraste valor único;60;CONSUMO ADICIONAL DE OXIGENO;350;;;;;3451;11
60.01.35;Ganglio Centinela con Gammaprove (hon. y gtos.);60;CONSUMO ADICIONAL DE OXIGENO;950;;;;;9367;11
60.01.43;Cistoscopía;60;CONSUMO ADICIONAL DE OXIGENO;90;;;;;887.4;11
60.01.44;Electromiograma;60;CONSUMO ADICIONAL DE OXIGENO;59;;;;;581.74;11
60.01.45;Fotocoagulación con rayo LASER;60;CONSUMO ADICIONAL DE OXIGENO;400;;;;;3944;11
60.01.48;Ganglio Centinela -C/Gamma Probe;60;CONSUMO ADICIONAL DE OXIGENO;950;;;;;7790;30
60.01.50;RMN sin contraste;60;CONSUMO ADICIONAL DE OXIGENO;290;;;;;2859.4;11
60.01.52;DENSITOMETRIA OSEA;60;CONSUMO ADICIONAL DE OXIGENO;90;;;;;887.4;11
60.01.68;Micro histeroscopía;60;CONSUMO ADICIONAL DE OXIGENO;120;;;;;1183.2;11
60.01.98;Retinopatia diabetica con LASER;60;CONSUMO ADICIONAL DE OXIGENO;566.75;;;;;5588.16;11
60.02.09;Puncion mamaria (incluye: eco y aguja);60;CONSUMO ADICIONAL DE OXIGENO;400;;;;;3944;11
60.02.12;Topografía corneal computada;60;CONSUMO ADICIONAL DE OXIGENO;60;;;;;591.6;11
60.02.16;Densitometría por región;60;CONSUMO ADICIONAL DE OXIGENO;45;;;;;443.7;11
60.02.17;DENSITOMETRIA OSEA;60;CONSUMO ADICIONAL DE OXIGENO;90;;;;;887.4;11
60.02.22;Excimer LASER por ojo;60;CONSUMO ADICIONAL DE OXIGENO;1000;;;;;9860;11
60.02.23;Punción bajo ecografía endocavitaria (rect/ vaginal);60;CONSUMO ADICIONAL DE OXIGENO;160;;;;;1577.6;11
60.02.25;Marcación prequirurgica de mamas;60;CONSUMO ADICIONAL DE OXIGENO;130;;;;;1281.8;11
60.02.28;MARCAC.PREQUIRG. MAMAS + AGUJA MARCACION MAMARIA;60;CONSUMO ADICIONAL DE OXIGENO;220;;;;;2169.2;11
60.02.35;Modulo centellograma oseo;60;CONSUMO ADICIONAL DE OXIGENO;202;;;;;1991.72;11
60.05.00;Lobectomía Superior izquierda;60;CONSUMO ADICIONAL DE OXIGENO;1800;500;;2;;22960;30,30
60.11.01;VIDEO GINECOLOGICA;60;CONSUMO ADICIONAL DE OXIGENO;780;;;;;6396;30
60.30.01;Electroretinograma;60;CONSUMO ADICIONAL DE OXIGENO;40;;;;;394.4;11
70.01.01;Material radioactivo;70;CONSUMO ADICIONAL DE OXIGENO;50;;;;;493;11
70.33.66;quaglia;70;CONSUMO ADICIONAL DE OXIGENO;3366;;;;;33188.8;11
75.01.01;Dispo. 10/12 Af. Mellado Silvana;75;CONSUMO ADICIONAL DE OXIGENO;12250;;;;;120785;11
90.00.90;uso de equipo;90;CONSUMO ADICIONAL DE OXIGENO;617.86;;;;;6092.1;11
93.40.02;LAPAROSCOPIAS ( USO DE EQUIPO);93;CONSUMO ADICIONAL DE OXIGENO;;1;;1;;51.72;01
